brand,name,price,spec_rating,processor,CPU,Ram_type,ROM_type,GPU,display_size,OS,warranty,resolution,storage_gb,ram_gb,brand_encoded,processor_encoded,OS_encoded,Ram_type_encoded,ROM_type_encoded
HP,Victus 15-fb0157AX Gaming Laptop,49900,73.0,5th Gen AMD Ryzen 5 5600H,"Hexa Core, 12 Threads",DDR4,SSD,4GB AMD Radeon RX 6500M,15.6,Windows 11 OS,1,2073600.0,512.0,8.0,9,105,12,2,1
HP,15s-fq5007TU Laptop,39900,60.0,12th Gen Intel Core i3 1215U,"Hexa Core (2P + 4E), 8 Threads",DDR4,SSD,Intel UHD Graphics,15.6,Windows 11 OS,1,2073600.0,512.0,8.0,9,34,12,2,1
Acer,One 14 Z8-415 Laptop,26990,69.32352941176471,11th Gen Intel Core i3 1115G4,"Dual Core, 4 Threads",DDR4,SSD,Intel Iris Xe Graphics,14.0,Windows 11 OS,1,2073600.0,512.0,8.0,1,15,12,2,1
Lenovo,Yoga Slim 6 14IAP8 82WU0095IN Laptop,59729,66.0,12th Gen Intel Core i5 1240P,"12 Cores (4P + 8E), 16 Threads",LPDDR5,SSD,Intel Integrated Iris Xe,14.0,Windows 11 OS,1,3136000.0,512.0,16.0,14,39,12,8,1
Apple,MacBook Air 2020 MGND3HN Laptop,69990,69.32352941176471,Apple M1,Octa Core (4P + 4E),DDR4,SSD,Apple M1 Integrated Graphics,13.3,Mac OS,1,4096000.0,256.0,8.0,2,160,7,2,1
Acer,Extensa EX214-53 Laptop,39990,62.0,12th Gen Intel Core i5 1240P,"12 Cores (4P + 8E), 16 Threads",DDR4,SSD,Intel Iris Xe Graphics,14.0,Windows 11 OS,1,2073600.0,512.0,8.0,1,39,12,2,1
Dell,Inspiron 3520 D560896WIN9B Laptop,36790,60.0,12th Gen Intel Core i3 1215U,"Hexa Core (2P + 4E), 8 Threads",DDR4,SSD,Intel UHD Graphics,15.6,Windows 11 OS,1,2073600.0,512.0,8.0,6,34,12,2,1
Acer,Nitro V ANV15-51 2023 Gaming Laptop,76990,63.0,13th Gen Intel Core i5 13420H,"Octa Core (4P + 4E), 12 Threads",DDR5,SSD,6GB NVIDIA GeForce RTX 4050,15.6,Windows 11 OS,1,2073600.0,512.0,16.0,1,61,12,4,1
Asus,Vivobook 15 X1502ZA-EJ523WS Laptop,48990,64.0,12th Gen Intel Core i5 12500H,"12 Cores (4P + 8E), 16 Threads",DDR4,SSD,Intel Iris Xe,15.6,Windows 11 OS,1,2073600.0,512.0,8.0,3,42,12,2,1
Samsung,Galaxy Book2 Pro 13 Laptop,74990,68.0,12th Gen Intel Core i5 1240P,"12 Cores (4P + 8E), 16 Threads",LPDDR5,SSD,Intel Iris Xe Graphics,13.3,Windows 11 OS,1,2073600.0,512.0,16.0,21,39,12,8,1
Lenovo,V15 G3 IAP 82TTA08AIN Laptop,49990,69.32352941176471,12th Gen Intel Core i7 1255U,"10 Cores (2P + 8E), 12 Threads",DDR4,SSD,Intel Integrated UHD,15.6,Windows 11 OS,1,2073600.0,512.0,16.0,14,45,12,2,1
Ultimus,Pro NU14U3INC43BN-CS Laptop,10990,69.32352941176471,Intel Celeron  N4020,"Dual Core, 2 Threads",DDR4,SSD,Intel Integrated UHD Graphics,14.1,Windows 11 OS,1,1049088.0,128.0,4.0,23,171,12,2,1
Asus,TUF Gaming F15 2022 FX507ZC4-HN116W Gaming Laptop,72990,76.0,12th Gen Intel Core i5 12500H,"12 Cores (4P + 8E), 16 Threads",DDR4,SSD,4GB NVIDIA GeForce RTX 3050,15.6,Windows 11 OS,1,2073600.0,512.0,16.0,3,42,12,2,1
Primebook,4G Android Laptop,10990,69.32352941176471,MediaTek MTK8788,Octa Core,LPDDR4,Hard-Disk,ARM Mali G72,11.6,Android 11 OS,1,1049088.0,64.0,4.0,18,182,0,5,0
Lenovo,V15 G4 ‎82YU00W7IN Laptop,29990,69.32352941176471,7th Gen AMD Ryzen 3 7320U,"Quad Core, 8 Threads",LPDDR5,SSD,AMD Radeon Graphics,15.6,Windows 11 OS,1,2073600.0,512.0,8.0,14,126,12,8,1
Asus,TUF Gaming F15 FX506HF-HN024W Gaming Laptop,53649,70.0,11th Gen Intel Core i5 11400H ,"Hexa Core, 12 Threads",DDR4,SSD,4GB NVIDIA GeForce RTX 2050,15.6,Windows 11 OS,1,2073600.0,512.0,8.0,3,26,12,2,1
MSI,Modern 14 C11M-031IN Laptop,33990,69.32352941176471,11th Gen Intel Core i3 1115G4,"Dual Core, 4 Threads",DDR4,SSD,Intel Integrated UHD,14.0,Windows 11 OS,1,2073600.0,512.0,8.0,15,15,12,2,1
Infinix,Zerobook 2023 Laptop,79990,71.0,13th Gen Intel Core i9 13900H,"14 Cores (6P + 8E), 20 Threads",LPDDR5X,SSD,Intel Integrated Iris Xe,15.6,Windows 11 OS,1,2073600.0,1024.0,32.0,12,75,12,9,1
HP,Victus 15-fa0666TX Gaming Laptop,68990,65.0,12th Gen Intel Core i5 12450H,"Octa Core (4P + 4E), 12 Threads",DDR4,SSD,4GB NVIDIA GeForce RTX 3050,15.6,Windows 11 OS,1,2073600.0,512.0,16.0,9,40,12,2,1
Lenovo,IdeaPad Gaming 3 15IHU6 82K101GSIN Laptop,45990,71.0,11th Gen Intel Core i5 11300H,"Quad Core, 8 Threads",DDR4,SSD,4GB NVIDIA GeForce GTX 1650,15.6,Windows 11 OS,1,2073600.0,512.0,8.0,14,20,12,2,1
Asus,Vivobook 16X 2022 M1603QA-MB502WS Laptop,49900,65.0,5th Gen AMD Ryzen 5 5600H,"Hexa Core, 12 Threads",DDR4,SSD,AMD Radeon Vega 7,16.0,Windows 11 OS,1,2304000.0,512.0,8.0,3,105,12,2,1
Apple,MacBook Air 2022 Laptop,104990,69.32352941176471,Apple M2,Octa Core (4P + 4E),DDR4,SSD,8-Core GPU,13.6,Mac OS,1,4259840.0,256.0,8.0,2,164,7,2,1
Acer,Aspire 7 A715-76G UN.QMYSI.002 Gaming Laptop,54990,72.0,12th Gen Intel Core i5 12450H,"Octa Core (4P + 4E), 12 Threads",DDR4,SSD,4GB NVIDIA GeForce RTX 2050,15.6,Windows 11 OS,1,2073600.0,512.0,16.0,1,40,12,2,1
HP,15s-fq2510tu Laptop,49580,64.0,11th Gen Intel Core i5 1135G7 ,"Quad Core, 8 Threads",DDR4,SSD,Intel Iris Xe Graphics,15.6,Windows 11 OS,1,2073600.0,512.0,16.0,9,24,12,2,1
Asus,Vivobook 16X 2022 M1603QA-MB711WS Laptop,55990,71.0,5th Gen AMD Ryzen 7  5800H,"Octa Core, 16 Threads",DDR4,SSD,AMD Radeon Vega 7,16.0,Windows 11 OS,1,2304000.0,512.0,16.0,3,111,12,2,1
HP,15s-eq2132AU Laptop,43990,63.0,5th Gen AMD Ryzen 5 5500U,"Hexa Core, 12 Threads",DDR4,SSD,AMD Radeon AMD,15.6,Windows 11 OS,1,2073600.0,512.0,16.0,9,104,12,2,1
HP,255 G9 840T7PA Laptop,19850,69.32352941176471,3rd Gen AMD Athlon 3050U,"Dual Core, 2 Threads",DDR4,SSD,AMD Integrated,15.6,DOS OS,1,1049088.0,256.0,4.0,9,83,3,2,1
Acer,Extensa 15 EX215-33 2023 Laptop,28990,69.32352941176471,Intel Core i3 N305,"Octa Core, 8 Threads",LPDDR5,SSD,Intel Integrated UHD,15.6,Windows 11 OS,1,2073600.0,512.0,8.0,1,177,12,8,1
Acer,Aspire 5 A515-57G UN.K9TSI.002 Gaming Laptop,54999,71.0,12th Gen Intel Core i5 1240P,"12 Cores (4P + 8E), 16 Threads",DDR4,SSD,4GB NVIDIA GeForce RTX 2050,15.6,Windows 11 OS,1,2073600.0,512.0,16.0,1,39,12,2,1
Dell,Inspiron 3530 Laptop,70990,69.32352941176471,13th Gen Intel Core i7 1355U,"10 Cores (2P + 8E), 12 Threads",DDR4,SSD,Intel UHD Graphics,15.6,Windows 11 OS,1,2073600.0,512.0,16.0,6,66,12,2,1
Lenovo,IdeaPad Gaming 3 82SB00V2IN Laptop,56889,60.0,6th Gen AMD Ryzen 5 6600H,"Hexa Core, 12 Threads",DDR4,SSD,4GB NVIDIA GeForce RTX 3050,15.6,Windows 11 OS,1,2073600.0,512.0,8.0,14,119,12,2,1
Acer,Predator Helios Neo 16 2023 PHN16-71 Gaming Laptop,179880,78.0,13th Gen Intel Core i9 13900HX,"24 Cores (8P + 16E), 32 Threads",DDR5,SSD,8GB NVIDIA GeForce RTX 4070,16.0,Windows 11 OS,1,2304000.0,1024.0,16.0,1,76,12,4,1
HP,Victus 15-fb0150AX Gaming Laptop,53790,71.0,5th Gen AMD Ryzen 5 5600H,"Hexa Core, 12 Threads",DDR4,SSD,4GB AMD Radeon RX 6500M Graphics,15.6,Windows 11 OS,1,2073600.0,512.0,16.0,9,105,12,2,1
Acer,Aspire Lite AL15 Laptop,37990,60.0,5th Gen AMD Ryzen 5 5500U,"Hexa Core, 12 Threads",DDR4,SSD,AMD Graphics,15.6,Windows 11 OS,1,2073600.0,512.0,16.0,1,104,12,2,1
Acer,Nitro 5 AN515-58 NH.QFSSI.001 Gaming Laptop,96990,77.0,12th Gen Intel Core i7 12650H,"10 Cores (6P + 4E), 16 Threads",DDR4,SSD,8GB NVIDIA GeForce RTX 3070 Ti,15.6,Windows 11 OS,1,3686400.0,1024.0,16.0,1,48,12,2,1
HP,Pavilion 15-eg3081TU Laptop,71990,66.0,13th Gen Intel Core i5 1340P,"12 Cores (4P + 8E), 16 Threads",DDR4,SSD,Intel Integrated Integrated,15.6,Windows 11 OS,1,2073600.0,512.0,16.0,9,59,12,2,1
HP,Victus 16-d0333TX Gaming Laptop,59990,75.0,11th Gen Intel Core i5 11400H ,"Hexa Core, 12 Threads",DDR4,SSD,4GB NVIDIA GeForce GTX 1650,16.1,Windows 11 OS,1,2073600.0,512.0,16.0,9,26,12,2,1
Lenovo,IdeaPad Slim 5 14IAH8 83BF0045IN Laptop,62990,60.0,12th Gen Intel Core i5 12450H,"Octa Core (4P + 4E), 12 Threads",LPDDR5,SSD,Intel Graphics,14.0,Windows 11 OS,1,2304000.0,1024.0,16.0,14,40,12,8,1
Infinix,INBook X3 Slim XL422 2023 Laptop,30990,69.32352941176471,12th Gen Intel Core i3 1215U,"Hexa Core (2P + 4E), 8 Threads",LPDDR4X,SSD,Intel Integrated Iris Xe,14.0,Windows 11 OS,1,2073600.0,512.0,8.0,12,34,12,6,1
Lenovo,LOQ 15IRH8 82XV00F5IN 2023 Gaming Laptop,74990,70.0,12th Gen Intel Core i5 12450H,"Octa Core (4P + 4E), 12 Threads",DDR5,SSD,6GB NVIDIA GeForce RTX 3050,15.6,Windows 11 OS,1,2073600.0,512.0,16.0,14,40,12,4,1
HP,15s-fr2515TU Laptop,36490,60.0,11th Gen Intel Core i3 1115G4,"Dual Core, 4 Threads",DDR4,SSD,Intel UHD Graphics,15.6,Windows 11 OS,1,2073600.0,512.0,8.0,9,15,12,2,1
Dell,G15-5520 2023 Laptop,77990,73.0,12th Gen Intel Core i5 12500H,"12 Cores (4P + 8E), 16 Threads",DDR5,SSD,4GB NVIDIA GeForce RTX 3050,15.6,Windows 11 OS,1,2073600.0,1024.0,16.0,6,42,12,4,1
Samsung,Galaxy Book2 NP550XED-KA2IN Laptop,54990,62.0,12th Gen Intel Core i5 1235U ,"10 Cores (2P + 8E), 12 Threads",LPDDR4,SSD,Intel Integrated UHD,15.6,Windows 11 OS,1,2073600.0,512.0,16.0,21,38,12,5,1
Lenovo,IdeaPad 3 15IAU7 82RK00WXIN Laptop,41190,69.32352941176471,12th Gen Intel Core i3 1215U,"Hexa Core (2P + 4E), 8 Threads",DDR4,SSD,Intel UHD Graphics ,15.6,Windows 11 OS,1,2073600.0,256.0,8.0,14,34,12,2,1
Asus,ROG Strix G16 2023 G614JJ-N3086WS Gaming Laptop,89990,70.0,13th Gen Intel Core i5 13450HX,"10 Cores (6P + 4E), 16 Threads",DDR5,SSD,6GB NVIDIA GeForce RTX 3050,16.0,Windows 11 OS,1,2304000.0,512.0,16.0,3,62,12,4,1
Lenovo,Legion 9i 2023 Laptop,399999,84.0,13th Gen Intel Core i9 13980HX,"24 Cores (8P + 16E), 32 Threads",DDR5,SSD,16GB NVIDIA GeForce RTX 4090,16.0,Windows 11 OS,1,6400000.0,1024.0,32.0,14,79,12,4,1
Wings,Nuvobook V1 Laptop,31990,69.32352941176471,11th Gen Intel Core i5 1135G7,"Quad Core, 8 Threads",DDR4,SSD,Intel Graphics,15.6,Windows 11 OS,1,2073600.0,512.0,8.0,26,23,12,2,1
Dell,Inspiron 3525 Laptop,31490,69.32352941176471,5th Gen AMD Ryzen 3 5300U,"Quad Core, 8 Threads",DDR4,SSD,AMD Radeon Radeon Graphics,15.6,Windows 11 OS,1,2073600.0,512.0,8.0,6,94,12,2,1
HP,Victus 15-fa0555TX  Laptop,70590,71.0,12th Gen Intel Core i5 12450H,"Octa Core (4P + 4E), 12 Threads",DDR4,SSD,4GB NVIDIA GeForce RTX 3050,15.6,Windows 11 OS,1,2073600.0,512.0,16.0,9,40,12,2,1
Asus,TUF Gaming F15 2023 FX507ZV-LP094W Gaming Laptop,104990,78.0,12th Gen Intel Core i7 12700H,"14 Cores (6P + 8E), 20 Threads",DDR4,SSD,8GB NVIDIA GeForce RTX 4060,15.6,Windows 11 OS,1,2073600.0,512.0,16.0,3,51,12,2,1
Lenovo,V15 82QYA00MIN Laptop,23990,69.32352941176471,Intel Celeron  N4020,"Dual Core, 2 Threads",DDR4,SSD,Intel Integrated Intel UHD Graphics,15.6,Windows 11 OS,1,2073600.0,256.0,8.0,14,171,12,2,1
HP,255 G9 7B1L8PA Laptop,37999,64.0,5th Gen AMD Ryzen 5 5625U,"Hexa Core, 12 Threads",DDR4,SSD,AMD Radeon Graphics,15.6,Windows 11 OS,1,1049088.0,512.0,8.0,9,107,12,2,1
Honor,MagicBook X14 2023 ‎FRI-F56 Laptop,52990,66.0,12th Gen Intel Core i5 12450H,"Octa Core (4P + 4E), 12 Threads",DDR4,SSD,Intel UHD Graphics,14.0,Windows 11 OS,1,2304000.0,512.0,16.0,10,40,12,2,1
Lenovo,V15 82KDA01BIH Laptop,30849,62.0,5th Gen AMD Ryzen 3 5300U,"Quad Core, 8 Threads",DDR4,SSD,AMD Radeon Graphics,15.6,Windows 11 OS,1,2073600.0,512.0,8.0,14,94,12,2,1
HP,Victus 15-fa0070TX Laptop,58990,70.0,12th Gen Intel Core i5 12450H,"Octa Core (4P + 4E), 12 Threads",DDR4,SSD,4GB NVIDIA GeForce GTX 1650,15.6,Windows 11 OS,1,2073600.0,512.0,8.0,9,40,12,2,1
Zebronics,ZEB-NBC 2S Laptop,34990,63.0,11th Gen Intel Core i5 1155G7,"Quad Core, 8 Threads",LPDDR4X,SSD,Intel Integrated UHD,15.6,Windows 11 OS,1,2073600.0,512.0,16.0,28,27,12,6,1
Lenovo,ThinkBook 15 Gen 5 21JF0026MJ Laptop,49990,69.0,7th Gen AMD Ryzen 7 7730U,"Octa Core, 16 Threads",DDR4,SSD,AMD Radeon AMD,16.0,Windows 11 OS,1,2073600.0,512.0,16.0,14,135,12,2,1
HP,15S-FQ5202TU Laptop,51780,69.32352941176471,12th Gen Intel Core i5 1235U,"10 Cores (2P + 8E), 12 Threads",DDR4,SSD,Intel Iris Xe Graphics,15.6,Windows 11 OS,1,2073600.0,512.0,8.0,9,37,12,2,1
Asus,TUF Gaming F15 FX506HE-HN382W Gaming Laptop,68990,71.0,11th Gen Intel Core i7 11800H,"Octa Core, 16 Threads",DDR4,SSD,4GB NVIDIA GeForce RTX 3050 Ti,15.6,Windows 11 OS,1,2073600.0,512.0,16.0,3,30,12,2,1
Asus,TUF Gaming F15 FX577ZC-HN192W Gaming Laptop,85990,76.0,12th Gen Intel Core i7 12700H ,"14 Cores, 20 Threads",DDR5,SSD,4GB NVIDIA GeForce RTX 3050,15.6,Windows 11 OS,1,2073600.0,1024.0,16.0,3,52,12,4,1
Lenovo,LOQ 15IRH8 82XV00BQIN 2023 Gaming Laptop,96990,67.0,13th Gen Intel Core i7 13620H,"10 Cores (6P + 4E), 16 Threads",DDR5,SSD,6GB NVIDIA GeForce RTX 4050,15.6,Windows 11 OS,1,2073600.0,512.0,16.0,14,70,12,4,1
Lenovo,Legion Y9000X 2023 Laptop,148990,80.0,13th Gen Intel Core i9 13900H,"14 Cores (6P + 8E), 20 Threads",DDR5,SSD,8GB NVIDIA GeForce RTX 4060,16.0,Windows 11 OS,1,6400000.0,1024.0,32.0,14,75,12,4,1
Asus,TUF Gaming F17 FX707ZC4-HX067W Gaming Laptop,72990,75.0,12th Gen Intel Core i5 12500H,"12 Cores (4P + 8E), 16 Threads",DDR5,SSD,4GB NVIDIA GeForce RTX 3050,17.3,Windows 11 OS,1,2073600.0,512.0,16.0,3,42,12,4,1
Dell,Inspiron 5430 Laptop,84490,66.0,13th Gen Intel Core i7 1360P,"12 Cores (4P + 8E), 16 Threads",LPDDR5,SSD,Intel Iris Xe Graphics,14.0,Windows 11 OS,1,2304000.0,1024.0,16.0,6,68,12,8,1
Asus,Vivobook 15 X1502ZA-EJ741WS Laptop,60990,67.0,12th Gen Intel Core i7 12650H,"10 Cores (6P + 4E), 16 Threads",DDR4,SSD,Intel Iris Xe,15.6,Windows 11 OS,1,2073600.0,512.0,16.0,3,48,12,2,1
Infinix,INBook X2 Slim Series XL23 Laptop,33990,69.32352941176471,11th Gen Intel Core i5 1155G7,"Quad Core, 8 Threads",LPDDR4X,SSD,Intel Integrated Iris Xe,14.0,Windows 11 OS,1,2073600.0,512.0,16.0,12,27,12,6,1
Asus,VivoBook 14 X415EA-EK344WS Notebook,35990,64.0,11th Gen Intel Core i3 1115G4,"Dual Core, 4 Threads",DDR4,SSD,Intel Integrated Intel UHD,14.0,Windows 11 OS,1,2073600.0,512.0,16.0,3,15,12,2,1
Acer,Aspire 7 A715-76G NH.QMFSI.004 Gaming Laptop,60990,70.0,12th Gen Intel Core i5 12450H,"Octa Core (4P + 4E), 12 Threads",DDR4,SSD,4GB NVIDIA GeForce GTX 3050,15.6,Windows 11 OS,1,2073600.0,512.0,16.0,1,40,12,2,1
Xiaomi,Redmi Book 14 2023 Laptop,43990,69.32352941176471,12th Gen Intel Core i5 12500H,"12 Cores (4P + 8E), 16 Threads",DDR5,SSD,Intel Iris Xe Graphics,14.0,Windows 11 OS,1,5184000.0,512.0,16.0,27,42,12,4,1
Asus,Vivobook 16X 2023 K3605ZF-MB541WS Laptop,62990,72.0,12th Gen Intel Core i5 12450H,"Octa Core (4P + 4E), 12 Threads",DDR4,SSD,4GB NVIDIA GeForce RTX 2050,16.0,Windows 11 OS,1,2304000.0,512.0,16.0,3,40,12,2,1
MSI,GF63 Thin 11UC-1294IN Gaming Laptop,65990,76.0,11th Gen Intel Core i7 11800H,"Octa Core, 16 Threads",DDR4,Hard-Disk,4GB NVIDIA GeForce RTX 3050,15.6,Windows 11 OS,1,2073600.0,1024.0,16.0,15,30,12,2,0
Infinix,INBook Y1 Plus Neo XL30 Laptop,23990,69.32352941176471,11th Gen Intel Celeron N5100,"Quad Core, 4 Threads",LPDDR4X,SSD,Intel Integrated UHD,15.6,Windows 11 OS,1,2073600.0,512.0,8.0,12,13,12,6,1
Asus,TUF Gaming F15 FX506HC-HN362WS Gaming Laptop,61990,72.0,11th Gen Intel Core i5 11400H ,"Hexa Core, 12 Threads",DDR4,SSD,4GB NVIDIA GeForce RTX 3050,15.6,Windows 11 OS,1,2073600.0,512.0,16.0,3,26,12,2,1
Dell,Inspiron 3525 Laptop,36990,62.0,5th Gen AMD Ryzen 3 5425U,"Quad Core, 8 Threads",DDR4,SSD,AMD Radeon Radeon Graphics,15.6,Windows 11 OS,1,2073600.0,512.0,8.0,6,95,12,2,1
Asus,Vivobook 16X 2022 M1603QA-MB511WS Laptop,50970,65.0,5th Gen AMD Ryzen 5 5600H,"Hexa Core, 12 Threads",DDR4,SSD,AMD Radeon Vega 7 Graphics,16.0,Windows 11 OS,1,2304000.0,512.0,16.0,3,105,12,2,1
Dell,Precision 5550 Laptop,184999,70.0,10th Gen Intel Core i7 10750H,"Hexa Core, 12 Threads",DDR4,SSD,4GB NVIDIA ,15.6,Windows 10 OS,0,2304000.0,512.0,16.0,6,10,10,2,1
HP,Omen 16-XD0007ax Gaming Laptop,109990,76.0,7th Gen AMD Ryzen 7 7840HS,"Octa Core, 16 Threads",DDR5,SSD,6GB NVIDIA GeForce RTX 4050,16.1,Windows 11 OS,1,2073600.0,1024.0,16.0,9,139,12,4,1
Zebronics,Pro Series Z ZEB-NBC 4S Laptop,42990,69.0,12th Gen Intel Core i5 1235U,"10 Cores (2P + 8E), 12 Threads",DDR4,SSD,Intel Integrated,15.6,Windows 11 OS,1,2073600.0,512.0,16.0,28,37,12,2,1
HP,15s-fq5185TU Laptop,39150,69.32352941176471,12th Gen Intel Core i3 1215U,"Hexa Core (2P + 4E), 8 Threads",DDR4,SSD,Intel Integrated UHD,15.6,Windows 11 OS,1,2073600.0,512.0,8.0,9,34,12,2,1
Acer,Swift Go NXKPZSI002 Laptop,92999,64.0,13th Gen Intel Core i5 13500H,"12 Cores (4P + 8E), 16 Threads",LPDDR5,SSD,Intel Integrated Iris Xe,14.0,Windows 11 OS,1,5184000.0,512.0,16.0,1,63,12,8,1
HP,Victus 16-s0095AX Gaming Laptop,80990,76.0,7th Gen AMD Ryzen 7 7840HS,"Octa Core, 16 Threads",DDR5,SSD,6GB NVIDIA GeForce RTX 3050,16.1,Windows 11 OS,1,2073600.0,512.0,16.0,9,139,12,4,1
HP,Victus 15-FB1001AX Gaming Laptop,55850,70.0,7th Gen AMD Ryzen 5 7535HS,"Hexa Core, 12 Threads",DDR5,SSD,4GB NVIDIA GeForce RTX 2050,15.6,Windows 11 OS,1,2073600.0,512.0,8.0,9,132,12,4,1
Acer,Aspire Lite AL15-51 UN.431SI.288 Laptop,38990,64.0,11th Gen Intel Core i5 1135G7,"Quad Core, 8 Threads",DDR4,SSD,Intel Iris XE Graphics ,15.6,Windows 11 OS,1,2073600.0,512.0,8.0,1,23,12,2,1
MSI,Thin GF63 11UCX-1492IN Gaming Laptop,53990,73.0,11th Gen Intel Core i5 11260H,"Hexa Core, 12 Threads",DDR4,Hard-Disk,GB NVIDIA GeForce RTX 2050,15.6,Windows 11 OS,1,2073600.0,1024.0,16.0,15,19,12,2,0
Infinix,INBook X3 Slim XL422 Laptop,38990,69.32352941176471,12th Gen Intel Core i5 1235U,"10 Cores (2P + 8E), 12 Threads",LPDDR4X,SSD,Intel Integrated Iris Xe,14.0,Windows 11 OS,1,2073600.0,512.0,16.0,12,37,12,6,1
HP,Omen 16-xf0060AX Gaming Laptop,139234,80.0,7th Gen AMD Ryzen 7 7840HS,"Octa Core, 16 Threads",DDR5,SSD,8GB NVIDIA GeForce RTX 4060,16.0,Windows 11 OS,1,2073600.0,1024.0,16.0,9,139,12,4,1
MSI,Thin GF63 11UC-1490IN Gaming Laptop,57990,73.0,11th Gen Intel Core i5 11260H,"Hexa Core, 12 Threads",DDR4,Hard-Disk,4GB NVIDIA GeForce RTX 3050,15.6,Windows 11 OS,1,2073600.0,1024.0,16.0,15,19,12,2,0
Lenovo,LOQ 2023 Gaming Laptop,89999,64.0,13th Gen Intel Core i5 13420H,"Octa Core (4P + 4E), 12 Threads",DDR5,SSD,8GB NVIDIA GeForce RTX 4060,15.6,Windows 11 OS,1,2073600.0,512.0,8.0,14,61,12,4,1
Acer,One 14 Z8-415 ‎2023 Laptop,37990,60.0,11th Gen Intel Core i5  1135G7,"Quad Core, 8 Threads",DDR4,SSD,Intel Iris Xe Graphics,14.0,Windows 11 OS,1,2073600.0,512.0,16.0,1,18,12,2,1
Asus,VivoBook 14 X415EA-EK326WS Notebook,30990,69.32352941176471,11th Gen Intel Core i3 1115G4,"Dual Core, 4 Threads",DDR4,SSD,Intel Integrated Intel UHD,14.0,Windows 11 OS,1,2073600.0,512.0,8.0,3,15,12,2,1
Dell,G15-5530 GN5530D83M6002ORB1 Gaming Laptop,92990,71.0,13th Gen Intel Core i5 13450HX,"10 Cores (6P + 4E), 16 Threads",DDR5,SSD,6GB NVIDIA GeForce RTX 3050,15.6,Windows 11 OS,1,2073600.0,512.0,16.0,6,62,12,4,1
HP,15s-fr5009TU Laptop,42990,69.32352941176471,12th Gen Intel Core i3 1215U,"Hexa Core (2P + 4E), 8 Threads",DDR4,SSD,Intel UHD Graphics,15.6,Windows 11 OS,1,2073600.0,512.0,8.0,9,34,12,2,1
Asus,TUF Gaming F15 FX506HF-HN025W Gaming Laptop,59089,72.0,11th Gen Intel Core i5 11400H ,"Hexa Core, 12 Threads",DDR4,SSD,4GB NVIDIA GeForce RTX 2050,15.6,Windows 11 OS,1,2073600.0,512.0,16.0,3,26,12,2,1
HP,Victus 15-fa0998TX Gaming Laptop,72999,72.0,12th Gen Intel Core i5 12450H,"Octa Core (4P + 4E), 12 Threads",DDR4,SSD,4GB NVIDIA GeForce RTX 3050,15.6,Windows 11 OS,1,2073600.0,512.0,16.0,9,40,12,2,1
HP,Omen 16-n0123AX Gaming Laptop,126742,77.0,6th Gen AMD Ryzen 7  6800H,"Octa Core, 16 Threads",DDR5,SSD,8GB NVIDIA GeForce RTX 3070 Ti ,16.1,Windows 11 OS,1,3686400.0,1024.0,16.0,9,120,12,4,1
Apple,MacBook Air 15 2023 Laptop,126990,69.32352941176471,Apple M2,Octa Core (4P + 4E),DDR4,SSD,10-Core GPU,15.3,Mac OS,1,5368320.0,256.0,8.0,2,164,7,2,1
Samsung,Galaxy Book2 NP550XED-KA1IN 15 Laptop,49990,69.32352941176471,12th Gen Intel Core i5 1235U,"10 Cores (2P + 8E), 12 Threads",LPDDR4,SSD,Intel Integrated UHD,15.6,Windows 11 OS,1,2073600.0,512.0,8.0,21,37,12,5,1
Dell,Inspiron 5420 Laptop,74390,62.0,12th Gen Intel Core i5 1240P,"12 Cores (4P + 8E), 16 Threads",DDR5,SSD,Intel Integrated UHD,14.0,Windows 11 OS,1,2073600.0,512.0,16.0,6,39,12,4,1
Dell,Inspiron 3520 D560871WIN9B Laptop,52990,69.32352941176471,12th Gen Intel Core i5 1235U,"10 Cores (2P + 8E), 12 Threads",DDR4,SSD,Intel UHD Graphics,15.6,Windows 11 OS,1,2073600.0,512.0,8.0,6,37,12,2,1
Lenovo,IdeaPad Gaming 3 15IHU6 82K101EDIN Laptop,60990,67.0,11th Gen Intel Core i5 11300H,"Quad Core, 8 Threads",DDR4,SSD,4GB NVIDIA GeForce RTX 3050 Graphics,15.6,Windows 11 OS,1,2073600.0,512.0,8.0,14,20,12,2,1
HP,Omen 16-n0079AX Gaming Laptop,98174,80.0,6th Gen AMD Ryzen 7  6800H,"Octa Core, 16 Threads",DDR5,SSD,8GB AMD Radeon RX 6650M,16.1,Windows 11 OS,1,2073600.0,512.0,16.0,9,120,12,4,1
Lenovo,E41-55 Laptop,18990,69.32352941176471,AMD Athlon Pro 3045B,"Dual Core, 2 Threads",DDR4,SSD,AMD Radeon Graphics,14.0,Windows 11 OS,1,2073600.0,256.0,8.0,14,157,12,2,1
Asus,VivoBook 15 X515EA-EJ522WS Laptop,38990,60.0,11th Gen Intel Core i5 1135G7,"Quad Core, 8 Threads",DDR4,SSD,Intel Integrated Iris Xe,15.6,Windows 11 OS,1,2073600.0,512.0,8.0,3,23,12,2,1
HP,14s-fq1092au Laptop,41950,64.0,5th Gen AMD Ryzen 5  5500U,"Hexa Core, 12 Threads",DDR4,SSD,AMD Radeon AMD,14.0,Windows 11 OS,1,2073600.0,512.0,8.0,9,97,12,2,1
Xiaomi,Mi Notebook Ultra Laptop,46990,65.0,11th Gen Intel Core i5 11300H ,"Quad Core, 8 Threads",DDR4,SSD,Intel Iris Xe Graphics,15.6,Windows 10  OS,1,6400000.0,512.0,16.0,27,21,9,2,1
iBall,Excelance CompBook Laptop,9999,69.32352941176471,Intel Atom Quad Core Z3735F,Quad Core,DDR3,Hard-Disk,Intel HD Graphics,11.6,Windows 10 OS,1,1049088.0,32.0,2.0,29,170,10,1,0
Asus,Vivobook 15 X1502ZA-EJ385WS Laptop,40990,69.32352941176471,12th Gen Intel Core i3 1220P,"10 Cores (2P + 8E), 12 Threads",DDR4,SSD,Intel UHD Graphics,15.6,Windows 11 OS,1,2073600.0,512.0,8.0,3,35,12,2,1
Lenovo,IdeaPad Gaming 3 82SB00V5IN Laptop,74990,67.0,6th Gen AMD Ryzen 7 6800H,"Octa Core, 16 Threads",DDR4,SSD,4GB NVIDIA GeForce RTX 3050,15.6,Windows 11 OS,1,2073600.0,512.0,8.0,14,122,12,2,1
Zebronics,ZEB-NBC 3S 2023 Laptop,33990,65.0,12th Gen Intel Core i3 1215U,"Hexa Core (2P + 4E), 8 Threads",DDR4,SSD,Intel Integrated,15.6,Windows 11 OS,1,2073600.0,512.0,8.0,28,34,12,2,1
Zebronics,Pro Series Z ZEB-NBC 4S 2023 Laptop,39990,66.0,12th Gen Intel Core i5 1235U,"10 Cores (2P + 8E), 12 Threads",DDR4,SSD,Intel Integrated,15.6,Windows 11 OS,1,2073600.0,512.0,8.0,28,37,12,2,1
Asus,CX1101CMA-GJ0004 Chromebook,10990,69.32352941176471,Intel Celeron  N4020,"Dual Core, 2 Threads",LPDDR4,Hard-Disk,Intel UHD Graphics 600,11.6,Chrome OS,1,1049088.0,32.0,4.0,3,171,1,5,0
MSI,Katana 15 B13UDXK-1482IN Gaming Laptop,88990,75.0,13th Gen Intel Core i5 13500H,"12 Cores (4P + 8E), 16 Threads",DDR5,SSD,6GB NVIDIA GeForce RTX 3050,15.6,Windows 11 OS,2,2073600.0,1024.0,32.0,15,63,12,4,1
HP,15s-fy5007TU Laptop,54990,62.0,12th Gen Intel Core i5 1235U,"10 Cores (2P + 8E), 12 Threads",DDR4,SSD,Intel Integrated UHD,15.6,Windows 11 OS,1,2073600.0,512.0,8.0,9,37,12,2,1
Lenovo,ThinkBook 15 G5 21JFA00BIN Laptop,49990,70.0,7th Gen AMD Ryzen 7 7730U,"Octa Core, 16 Threads",DDR4,SSD,AMD Radeon AMD,15.6,Windows 11 OS,1,2073600.0,512.0,8.0,14,135,12,2,1
Asus,Vivobook 16 2023 X1605VA-MB947WS Laptop,80739,71.0,13th Gen Intel Core i9 13900H,"14 Cores (6P + 8E), 20 Threads",DDR4,SSD,Integrated Intel Iris Xe Graphics,16.0,Windows 11 OS,1,2304000.0,512.0,16.0,3,75,12,2,1
Lenovo,Thinkpad E15 G4 21DJA0Y0IN Laptop,62990,64.0,12th Gen Intel Core i7 1255U,"10 Cores (2P + 8E), 12 Threads",DDR4,SSD,Intel Integrated Iris Xe,15.6,Windows 11 OS,1,2073600.0,512.0,16.0,14,45,12,2,1
HP,Victus 15-fa1132TX Laptop,62990,66.0,12th Gen Intel Core i5 12450H,"Octa Core (4P + 4E), 12 Threads",DDR4,SSD,4GB NVIDIA GeForce RTX 2050,15.6,Windows 11 OS,1,2073600.0,512.0,8.0,9,40,12,2,1
HP,Victus 15-fb1017AX Gaming Laptop,69501,71.0,7th Gen Amd Ryzen 5 7535HS,"Hexa Core, 12 Threads",DDR5,SSD,4GB NVIDIA GeForce RTX 2050,15.6,Windows 11 OS,1,2073600.0,512.0,16.0,9,146,12,4,1
Lenovo,IdeaPad Slim 5 14IAH8 83BF000UIN Laptop,59990,69.32352941176471,12th Gen Intel Core i5 12450H,"Octa Core (4P + 4E), 12 Threads",LPDDR5,SSD,Intel UHD Graphics,14.0,Windows 11 OS,1,2073600.0,512.0,16.0,14,40,12,8,1
HP,Victus 15-fb1015AX Gaming Laptop,54990,69.0,7th Gen Amd Ryzen 5 7535HS,"Hexa Core, 12 Threads",DDR5,SSD,4GB NVIDIA GeForce RTX 2050,15.6,Windows 11 OS,1,2073600.0,512.0,8.0,9,146,12,4,1
Lenovo,LOQ 15IRH8 82XV00F4IN 2023 Gaming Laptop,64990,69.0,12th Gen Intel Core i5 12450H,"Octa Core (4P + 4E), 12 Threads",DDR5,SSD,4GB NVIDIA GeForce RTX 2050,15.6,Windows 11 OS,1,2073600.0,512.0,16.0,14,40,12,4,1
MSI,Modern 15 B12M-612IN Laptop,37729,60.0,12th Gen Intel Core i3 1215U,"Hexa Core (2P + 4E), 8 Threads",DDR4,SSD,Intel Integrated Iris Xe,15.6,Windows 11 OS,1,2073600.0,512.0,16.0,15,34,12,2,1
Lenovo,IdeaPad Gaming 3 82K2025MIN Laptop,50712,69.0,5th Gen AMD Ryzen 5  5600H,"Hexa Core, 12 Threads",DDR4,SSD,4GB NVIDIA GeForce GTX 1650,15.6,Windows 11 OS,1,2073600.0,512.0,16.0,14,100,12,2,1
MSI,Modern 14 C11M-029IN Laptop,44990,62.0,11th Gen Intel Core i5 1155G7,"Quad Core, 8 Threads",DDR4,SSD,Intel Integrated Iris Xe,14.0,Windows 11 OS,1,2073600.0,512.0,16.0,15,27,12,2,1
Chuwi,CoreBook X Laptop,23990,69.32352941176471,10th Gen Intel Core i3 1005G1,"Dual Core, 4 Threads",DDR4,SSD,Intel UHD Graphics,14.0,Windows 11 OS,1,2304000.0,512.0,8.0,5,1,12,2,1
HP,15s-ey2001AU Laptop,49990,63.0,5th Gen AMD Ryzen 7   5700U,"Octa Core, 16 Threads",DDR4,SSD,AMD Radeon Radeon,15.6,Windows 11 OS,1,2073600.0,512.0,16.0,9,109,12,2,1
HP,Pavilion 15-eg3079TU Laptop,72990,66.0,13th Gen Intel Core i5 1340p,"12 Cores (4P + 8E), 16 Threads",DDR4,SSD,Intel Integrated Intel Iris Xe Graphics,15.6,Windows 11 OS,1,2073600.0,512.0,16.0,9,60,12,2,1
Lenovo,IdeaPad Slim 3 82H803B6IN Laptop,52101,66.0,11th Gen Intel Core i7 1165G7,"Quad Core, 8 Threads",DDR4,SSD,Integrated Intel Iris Xe Graphics,15.6,Windows 11 OS,1,2073600.0,512.0,16.0,14,28,12,2,1
Infinix,INBook X2 Slim Series Laptop,28990,69.32352941176471,11th Gen Intel Core i3  1115G4,"Dual Core, 4 Threads",LPDDR4X,SSD,Intel Integrated UHD Graphics,14.0,Windows 11 OS,1,2073600.0,512.0,8.0,12,14,12,6,1
HP,Pavilion 15s-fq5190TU Laptop,69490,65.0,12th Gen Intel Core i7 1255U,"10 Cores (2P + 8E), 12 Threads",DDR4,SSD,Intel Iris Xe,15.6,Windows 11 OS,1,2073600.0,512.0,16.0,9,45,12,2,1
Acer,Aspire 5 A515-58P NX.KHJSI.001 Gaming Laptop,39965,69.32352941176471,13th Gen Intel Core i3 1315U,"Hexa Core (2P + 4E), 8 Threads",LPDDR5,SSD,Intel UHD Graphics,15.6,Windows 11 OS,1,2073600.0,512.0,8.0,1,56,12,8,1
Acer,Aspire 5 14 A514-56GM 2023 Gaming Laptop,54990,67.0,13th Gen Intel Core i5 1335U,"10 Cores (2P + 8E), 12 Threads",DDR4,SSD,4GB NVIDIA GeForce RTX 2050,14.0,Windows 11 OS,1,2073600.0,512.0,16.0,1,58,12,2,1
Asus,Vivobook 15 X1502ZA-EJ532WS Laptop,46999,64.0,12th Gen Intel Core i5 1235U,"10 Cores (2P + 8E), 12 Threads",DDR4,SSD,Intel Iris Xe,15.6,Windows 11 OS,1,2073600.0,512.0,8.0,3,37,12,2,1
Asus,Vivobook S15 OLED 2023 S5504VA-MA543WS Laptop,83990,65.0,13th Gen Intel Core i5 13500H,"12 Cores (4P + 8E), 16 Threads",LPDDR5,SSD,Intel Integrated Iris Xe,15.6,Windows 11 OS,1,4665600.0,512.0,16.0,3,63,12,8,1
HP,Victus 15-fb0108AX Gaming Laptop,51499,67.0,5th Gen AMD Ryzen 5  5600H ,"Hexa Core, 12 Threads",DDR4,SSD,4GB AMD Radeon RX 6500M Graphics,15.6,Windows 11 OS,1,2073600.0,512.0,8.0,9,101,12,2,1
Dell,Vostro 3425 M552321WIN9S Laptop,50990,68.0,5th Gen AMD Ryzen 5 5625U,"Hexa Core, 12 Threads",DDR4,SSD,AMD Radeon Graphics,14.0,Windows 11 OS,1,2073600.0,512.0,16.0,6,107,12,2,1
HP,Chromebook 15a-na0012TU Laptop,23990,69.32352941176471,Intel Celeron  N4500,"Dual Core, 2 Threads",LPDDR4x,Hard-Disk,Intel Integrated UHD Graphics,15.6,Chrome OS,1,1049088.0,128.0,4.0,9,173,1,7,0
Acer,Aspire 3 A315-24P NX.KDESI.003 Laptop,27990,69.32352941176471,7th Gen AMD Ryzen 3 7320U,"Quad Core, 8 Threads",LPDDR5,SSD,AMD Radeon Graphiics,15.6,Windows 11 OS,1,2073600.0,512.0,8.0,1,126,12,8,1
HP,Pavilion x360 14-ek1010TU Laptop,79990,70.0,13th Gen Intel Core i5 1335U,"10 Cores (2P + 8E), 12 Threads",DDR4,SSD,Intel Integrated Iris Xe,14.0,Windows 11 OS,1,2073600.0,1024.0,16.0,9,58,12,2,1
Samsung,Galaxy Book 3 NP750XFG-KA3IN Laptop,84390,60.0,13th Gen Intel Core i7 1355U,"10 Cores (2P + 8E), 12 Threads",LPDDR4x,SSD,Intel Iris Xe Graphics,15.6,Windows 11 OS,1,2073600.0,512.0,16.0,21,66,12,7,1
Infinix,INBook Y1 Plus Laptop,24990,69.32352941176471,10th Gen Intel Core i3 1005G1,"Dual Core, 4 Threads",LPDDR4X,SSD,Intel Integrated UHD,15.6,Windows 11 OS,1,2073600.0,256.0,8.0,12,1,12,6,1
Samsung,Galaxy Book 3 Ultra NP960XFH-XA1IN Laptop,281990,82.0,13th Gen Intel Core i9 13900H,"14 Cores (6P + 8E), 20 Threads",LPDDR5,SSD,NVIDIA GeForce RTX 4070,16.0,Windows 11 OS,1,5184000.0,1024.0,32.0,21,75,12,8,1
Lenovo,IdeaPad 1 15AMN7 82VG00EQIN Laptop,26590,69.32352941176471,AMD Athlon 7120U,"Dual Core, 2 Threads",LPDDR5,SSD,AMD Radeon 610M Graphics,15.6,Windows 11 OS,1,1049088.0,512.0,8.0,14,156,12,8,1
Infinix,INBook X2 Slim Series XL23 2023 Laptop,37990,60.0,11th Gen Intel Core i5 1155G7,"Quad Core, 8 Threads",LPDDR4X,SSD,Intel Integrated Iris Xe,14.0,Windows 11 OS,1,2073600.0,1024.0,16.0,12,27,12,6,1
Asus,Vivobook Pro 15 M6500RC-HN741WS Laptop,71189,70.0,6th Gen AMD Ryzen 7 6800H,"Octa Core, 16 Threads",LPDDR5,SSD,4GB NVIDIA GeForce RTX 3050,15.6,Windows 11 OS,1,2073600.0,512.0,16.0,3,122,12,8,1
HP,Victus 16-s0095AX Gaming Laptop,85999,76.0,7th Gen AMD Ryzen 7 7840HS,"Octa Core, 16 Threads",DDR5,SSD,6GB NVIDIA GeForce RTX 3050,16.1,Windows 11 OS,1,2073600.0,512.0,16.0,9,139,12,4,1
Lenovo,Yoga 7 82YM0074IN Laptop,93990,80.0,7th Gen AMD Ryzen 7 7735U,"Octa Core, 16 Threads",DDR5,SSD,AMD Radeon Graphics,14.0,Windows 11 OS,1,5184000.0,1024.0,16.0,14,137,12,4,1
Asus,Zenbook Flip 14 OLED UP5401ZA-KU541WS Laptop,84990,69.0,12th Gen Intel Core i5 12500H,"12 Cores (4P + 8E), 16 Threads",LPDDR5,SSD,Intel Iris Xe Graphics,14.0,Windows 11 OS,1,9216000.0,512.0,16.0,3,42,12,8,1
Dell,Inspiron 3530 2023 Laptop,44190,69.32352941176471,13th Gen Intel Core i3 1305U,"5 Cores (1P + 4E), 6 Threads",DDR4,SSD,Intel Integrated UHD,15.6,Windows 11 OS,1,2073600.0,1024.0,8.0,6,55,12,2,1
Acer,Predator 16 NH.QLUSI.005 Laptop,159990,79.0,13th Gen Intel Core i9 13900HX,"24 Cores (8P + 16E), 32 Threads",DDR5,SSD,8GB NVIDIA GeForce RTX 4060,16.0,Windows 11 OS,1,4096000.0,1024.0,16.0,1,76,12,4,1
HP,Victus 15-fb0134AX Gaming Laptop,52990,70.0,5th Gen AMD Ryzen 5 5600H,"Hexa Core, 12 Threads",DDR4,SSD,4GB AMD Radeon RX 6500M Graphics,15.6,Windows 11 OS,1,2073600.0,512.0,16.0,9,105,12,2,1
Acer,Aspire Lite 2023 AL15-51 Laptop,39990,62.0,11th Gen Intel Core i5 1155G7,"Quad Core, 8 Threads",DDR4,SSD,Intel Iris Xe Graphics,15.6,Windows 11 OS,1,2073600.0,512.0,8.0,1,27,12,2,1
Dell,Inspiron 2023 14 5430 Laptop,73990,63.0,13th Gen Intel Core i5 1335U,"10 Cores (2P + 8E), 12 Threads",LPDDR5,SSD,Intel Iris Xe Graphics,14.0,Windows 11 OS,1,2304000.0,1024.0,16.0,6,58,12,8,1
Lenovo,IdeaPad Gaming 3 82K101L7IN Laptop,57500,70.0,11th Gen Intel Core i5 11320H,"Quad Core, 8 Threads",DDR4,SSD,4GB NVIDIA GTX 1650,15.6,Windows 11 OS,1,2073600.0,512.0,16.0,14,22,12,2,1
Asus,Vivobook Pro 15 M6500QF-HN521WS Laptop,59990,60.0,5th Gen AMD Ryzen 5 5600HS,"Hexa Core, 12 Threads",DDR4,SSD,4GB NVIDIA GeForce RTX 2050,15.6,Windows 11 OS,1,2073600.0,512.0,8.0,3,106,12,2,1
Acer,Aspire 7 A715-76G UN.QMESI.004 Gaming Laptop,53990,69.0,12th Gen Intel Core i5 12450H,"Octa Core (4P + 4E), 12 Threads",DDR4,SSD,4GB NVIDIA GeForce GTX 1650,15.6,Windows 11 OS,1,2073600.0,512.0,16.0,1,40,12,2,1
Asus,VivoBook 14 X415EA-EK326WS Notebook,33990,69.32352941176471,11th Gen Intel Core i3 1115G4,"Dual Core, 4 Threads",DDR4,SSD,Intel Integrated Intel UHD,14.0,Windows 11 OS,1,2073600.0,512.0,8.0,3,15,12,2,1
Dell,Inspiron 5630 Laptop,75990,70.0,13th Gen Intel Core i5 1340P,"12 Cores (4P + 8E), 16 Threads",LPDDR5,SSD,Intel Iris Xe Graphics,16.0,Windows 11 OS,1,4096000.0,512.0,16.0,6,59,12,8,1
Apple,MacBook Air 15 2023 Laptop,144990,69.32352941176471,Apple M2,Octa Core (4P + 4E),DDR4,SSD,10-Core GPU,15.3,Mac OS,1,5368320.0,512.0,8.0,2,164,7,2,1
Asus,Vivobook 15 X1502ZA-EJ542WS Laptop,60539,64.0,12th Gen Intel Core i5 12500H ,"12 Cores (4P + 8E), 16 Threads",DDR4,SSD,Intel Iris Xe,15.6,Windows 11 OS,1,2073600.0,512.0,16.0,3,43,12,2,1
Asus,Vivobook 15 M1502QA-EJ742WS Laptop,56990,69.32352941176471,5th Gen AMD Ryzen 7 5800H,"Octa Core, 16 Threads",DDR4,SSD,AMD Radeon,15.6,Windows OS,1,2073600.0,512.0,16.0,3,114,13,2,1
HP,Pavilion 15-eg3027TU Laptop,75533,66.0,13th Gen Intel Core i5 1340p,"12 Cores (4P + 8E), 16 Threads",DDR4,SSD,Intel Integrated Intel Iris Xe Graphics,15.6,Windows 11 OS,1,2073600.0,512.0,16.0,9,60,12,2,1
Dell,G15-5530 GN553064GRM002ORB1 Gaming Laptop,74990,69.0,13th Gen Intel Core i5 13450HX,"10 Cores (6P + 4E), 16 Threads",DDR5,SSD,6GB NVIDIA GeForce RTX 3050,15.6,Windows 11 OS,1,2073600.0,512.0,8.0,6,62,12,4,1
Asus,TUF Gaming A15 FA577NU-LP082W Gaming Laptop,94990,77.0,7th Gen AMD Ryzen 7 7735HS,"Octa Core, 16 Threads",DDR5,SSD,6GB NVIDIA GeForce RTX 4050,15.6,Windows 11 OS,1,2073600.0,512.0,16.0,3,136,12,4,1
Asus,ROG Strix G16 2023 G614JV-N4141WS Gaming Laptop,179990,77.0,13th Gen Intel Core i9 13980HX,"24 Cores (8P + 16E), 32 Threads",DDR5,SSD,8GB NVIDIA GeForce RTX 4060,16.0,Windows 11 OS,1,4096000.0,1024.0,16.0,3,79,12,4,1
Asus,Vivobook 16X 2023 K3605ZC-MB541WS Laptop,77990,72.0,12th Gen Intel Core i5 12450H,"Octa Core (4P + 4E), 12 Threads",DDR4,SSD,4GB NVIDIA GeForce RTX 3050,16.0,Windows 11 OS,1,2304000.0,512.0,16.0,3,40,12,2,1
HP,15s-fr5009TU Laptop,37990,69.32352941176471,12th Gen Intel Core i3 1215U,"Hexa Core (2P + 4E), 8 Threads",DDR4,SSD,Intel UHD Graphics,15.6,Windows 11 OS,1,2073600.0,512.0,8.0,9,34,12,2,1
HP,15-fd0013TU Laptop,62990,69.32352941176471,13th Gen Intel Core i5 1335U,"10 Cores (2P + 8E), 12 Threads",DDR4,SSD,Intel Integrated Integrated,15.6,Windows 11 OS,1,2073600.0,512.0,16.0,9,58,12,2,1
Acer,Predator Helios Neo 16 PHN16-71 2023 Gaming Laptop,129999,78.0,13th Gen Intel Core i7 13700HX,"16 Cores (8P + 8E), 24 Threads",DDR5,SSD,8GB NVIDIA GeForce RTX 4060,16.0,Windows 11 OS,1,4096000.0,1024.0,16.0,1,74,12,4,1
HP,Pavilion 15-eh2050AU Laptop,52990,62.0,5th Gen AMD Ryzen 5 5625U,"Hexa Core, 12 Threads",DDR4,SSD,AMD Radeon Graphics,15.6,Windows 11 OS,1,2073600.0,512.0,8.0,9,107,12,2,1
Acer,Predator Helios Neo 16 PHN16-71 Laptop,104990,75.0,13th Gen Intel Core i7 13700HX,"16 Cores (8P + 8E), 24 Threads",DDR5,SSD,6GB NVIDIA GeForce RTX 4050,16.0,Windows 11 OS,1,2304000.0,512.0,16.0,1,74,12,4,1
Realme,Book Prime CloudPro002 Laptop,47999,62.0,11th Gen Intel Core i5 11320H,"Quad Core, 8 Threads",LPDDR4X,SSD,Intel Iris Xe Graphics,14.0,Windows 11 OS,1,3110400.0,512.0,8.0,20,22,12,6,1
Acer,Predator Helios Neo 16 PHN16-71 Gaming Laptop,114499,75.0,13th Gen Intel Core i7 13700HX,"16 Cores (8P + 8E), 24 Threads",DDR5,SSD,6GB NVIDIA GeForce RTX 4050,16.0,Windows 11 OS,1,2304000.0,1024.0,16.0,1,74,12,4,1
HP,Pavilion 15-eg2017TU Laptop,49990,60.0,12th Gen Intel Core i3 1215U,"Hexa Core (2P + 4E), 8 Threads",DDR4,SSD,Intel UHD Graphics,15.6,Windows 11 OS,1,2073600.0,512.0,8.0,9,34,12,2,1
Asus,Vivobook 15 X1502ZA-EJ953WS Laptop,39990,69.32352941176471,12th Gen Intel Core i3 1215U,"Hexa Core (2P + 4E), 8 Threads",DDR4,SSD,Intel Iris Xe,15.6,Windows 11 OS,1,2073600.0,512.0,8.0,3,34,12,2,1
Acer,Nitro 5 AN515-47 2023 Gaming Laptop,68990,73.0,7th Gen AMD Ryzen 5 7535HS,"Hexa Core, 12 Threads",DDR5,SSD,4GB NVIDIA GeForce RTX 3050,15.6,Windows 11 OS,1,2073600.0,512.0,16.0,1,132,12,4,1
Acer,Nitro 5 AN515-47 Gaming Laptop,79990,72.0,7th Gen AMD Ryzen 7 7735HS,"Octa Core, 16 Threads",DDR5,SSD,4GB NVIDIA GeForce RTX 3050,15.6,Windows 11 OS,1,2073600.0,512.0,16.0,1,136,12,4,1
MSI,GF63 Thin 11UC-1293IN Gaming Laptop,66490,75.0,11th Gen Intel Core i7 11800H,"Octa Core, 16 Threads",DDR4,SSD,4GB NVIDIA Geforce RTX 3050,15.6,Windows 11 OS,2,2073600.0,512.0,16.0,15,30,12,2,1
Asus,Vivobook S14 Flip 2022 TN3402QA-LZ741WS Laptop,69990,70.0,5th Gen AMD Ryzen 7 5800H,"Octa Core, 16 Threads",DDR4,SSD,AMD Radeon Graphics,14.0,Windows 11 OS,1,2304000.0,512.0,16.0,3,114,12,2,1
Asus,Vivobook S15 OLED 2023 S5504VA-MA543WS Laptop,86490,65.0,13th Gen Intel Core i5 13500H,"12 Cores (4P + 8E), 16 Threads",LPDDR5,SSD,Intel Integrated Iris Xe,15.6,Windows 11 OS,1,4665600.0,512.0,16.0,3,63,12,8,1
HP,15-fc0025AU Laptop,32790,69.32352941176471,7th Gen AMD Ryzen 3 7320U,"Quad Core, 8 Threads",DDR4,SSD,AMD Radeon AMD,15.6,Windows 11 OS,1,2073600.0,512.0,8.0,9,126,12,2,1
Asus,ROG Zephyrus Duo 16,429990,69.32352941176471,7th Gen AMD Ryzen 9  7945HX ,"16 Cores, 32 Threads",DDR5,SSD,16GB NVIDIA GeForce RTX 4090,16.0,Windows 11 OS,1,9216000.0,2048.0,32.0,3,142,12,4,1
Dell,Vostro 3425 M552321WIN9S Laptop,49990,68.0,5th Gen AMD Ryzen 5 5625U,"Hexa Core, 12 Threads",DDR4,SSD,AMD Radeon Graphics,14.0,Windows 11 OS,1,2073600.0,512.0,16.0,6,107,12,2,1
MSI,Modern 14 C7M-062IN Laptop,43990,62.0,7th Gen AMD Ryzen 5 7530U,"Hexa Core, 12 Threads",DDR4,SSD,AMD Radeon AMD,14.0,Windows 11 OS,1,2073600.0,512.0,16.0,15,131,12,2,1
MSI,Modern 14 C11M-030IN Laptop,36990,69.32352941176471,11th Gen Intel Core i5 1155G7,"Quad Core, 8 Threads",DDR4,SSD,Intel Integrated Iris Xe,14.0,Windows 11 OS,1,2073600.0,512.0,8.0,15,27,12,2,1
MSI,Sword 15 A12VF-401IN Gaming Laptop,102990,79.0,12th Gen Intel Core i7 12650H,"10 Cores (6P + 4E), 16 Threads",DDR5,SSD,8GB NVIDIA GeForce RTX 4060,15.6,Windows 11 OS,2,2073600.0,1024.0,16.0,15,48,12,4,1
Acer,Extensa 15 EX215-33 Laptop,29990,69.32352941176471,Intel Core i3 N305,"Octa Core, 8 Threads",LPDDR5,SSD,Intel Integrated UHD,15.6,Windows 11 OS,1,2073600.0,256.0,8.0,1,177,12,8,1
HP,Pavilion x360 14-ek1010TU Laptop,77889,70.0,13th Gen Intel Core i5 1335U,"10 Cores (2P + 8E), 12 Threads",DDR4,SSD,Intel Integrated Iris Xe,14.0,Windows 11 OS,1,2073600.0,1024.0,16.0,9,58,12,2,1
Samsung,Galaxy Book 3 NP750XFG-KB1IN Laptop,69990,69.32352941176471,13th Gen Intel Core i5 1335U,"10 Cores (2P + 8E), 12 Threads",LPDDR4x,SSD,Intel Iris Xe Graphics,15.6,Windows 11 OS,1,2073600.0,512.0,8.0,21,58,12,7,1
Samsung,Galaxy Book 3 360 NP750QFG-KA3IN Laptop,138990,74.0,13th Gen Intel Core i7 1360P,"12 Cores (4P + 8E), 16 Threads",LPDDR4x,SSD,Intel Iris Xe Graphics,15.6,Windows 11 OS,1,2073600.0,1024.0,16.0,21,68,12,7,1
HP,Victus 15-fb0777AX Gaming Laptop,51990,67.0,5th Gen AMD Ryzen 5  5600H ,"Hexa Core, 12 Threads",DDR4,SSD,4GB AMD Radeon RX 6500M Graphics,15.6,Windows 11 OS,1,2073600.0,512.0,8.0,9,101,12,2,1
Samsung,Galaxy Book 3 Laptop,69990,69.32352941176471,13th Gen Intel Core i5 1340P,"12 Cores (4P + 8E), 16 Threads",LPDDR5,SSD,Intel Iris Xe Graphics,14.0,Windows 11 OS,1,2073600.0,512.0,8.0,21,59,12,8,1
Asus,Vivobook Pro 15 OLED M3500QC-L1502WS Gaming Laptop,72990,66.0,5th Gen AMD Ryzen 5 5600H,"Hexa Core, 12 Threads",DDR4,SSD,4GB NVIDIA GeForce RTX 3050,15.6,Windows 11 OS,1,2073600.0,512.0,16.0,3,105,12,2,1
Asus,Vivobook 16X M1603QA-MB512WS Laptop,50400,67.0,5th Gen AMD Ryzen 5 5600H,"Hexa Core, 12 Threads",DDR4,SSD,AMD Radeon Vega 7,16.0,Windows 11 OS,1,2304000.0,512.0,16.0,3,105,12,2,1
Dell,Latitude 3430 Laptop,108000,60.0,12th Gen Intel Core i5 1235U,"10 Cores (2P + 8E), 12 Threads",DDR4,SSD,Intel Iris Xe Graphics,14.0,Windows 11 OS,1,1049088.0,512.0,8.0,6,37,12,2,1
Dell,Inspiron 3520 Laptop,50990,69.32352941176471,12th Gen Intel Core i5 1235U,"10 Cores (2P + 8E), 12 Threads",DDR4,Hard-Disk,Intel Iris Xe Graphics,15.6,Windows 11 OS,1,2073600.0,1024.0,8.0,6,37,12,2,0
Lenovo,IdeaPad Gaming 3 15IHU6 82K101EDIN Laptop,47990,67.0,11th Gen Intel Core i5 11300H,"Quad Core, 8 Threads",DDR4,SSD,4GB NVIDIA GeForce RTX 3050 Graphics,15.6,Windows 11 OS,1,2073600.0,512.0,8.0,14,20,12,2,1
HP,Omen 16-n0079AX Gaming Laptop,91990,80.0,6th Gen AMD Ryzen 7  6800H,"Octa Core, 16 Threads",DDR5,SSD,8GB AMD Radeon RX 6650M,16.1,Windows 11 OS,1,2073600.0,512.0,16.0,9,120,12,4,1
Acer,One 14 Z2-493 Laptop,25449,69.32352941176471,3rd Gen AMD Ryzen 3  3250U,"Dual Core, 4 Threads",DDR4,SSD,AMD Radeon Graphics,14.0,Windows 11 OS,1,1049088.0,256.0,8.0,1,85,12,2,1
Acer,Aspire 3 A315-59 Laptop,33207,69.32352941176471,12th Gen Intel Core i3 1215U,"Hexa Core (2P + 4E), 8 Threads",DDR4,SSD,Intel Graphics ,15.6,Windows 11 OS,1,2073600.0,512.0,8.0,1,34,12,2,1
HP,Pavilion 15s-FR5007TU Laptop,52990,69.32352941176471,12th Gen Intel Core i5 1235U,"10 Cores (2P + 8E), 12 Threads",DDR4,SSD,Intel Iris Xe,15.6,Windows 11 OS,1,2073600.0,512.0,8.0,9,37,12,2,1
Dell,Vostro 3425 Laptop,42434,66.0,5th Gen AMD Ryzen 5 5625U,"Hexa Core, 12 Threads",DDR4,SSD,AMD Radeon Graphics,14.0,Windows 11 OS,1,2073600.0,512.0,8.0,6,107,12,2,1
HP,15s-du3614TU Laptop,42200,65.0,11th Gen Intel Core i3 1115G4,"Dual Core, 4 Threads",DDR4,Hard-Disk,Intel Integrated UHD,15.6,Windows 11 OS,1,2073600.0,1024.0,8.0,9,15,12,2,0
HP,Pavilion 15s-eq2182AU Laptop,41990,60.0,5th Gen AMD Ryzen 5  5500U ,"Hexa Core, 12 Threads",DDR4,SSD,AMD Radeon Graphics,15.6,Windows 11 OS,1,2073600.0,512.0,16.0,9,98,12,2,1
Asus,TUF Gaming A15 2022 FA577RE-HN055WS Gaming Laptop,80900,79.0,6th Gen AMD Ryzen 7 6800H ,"Octa Core, 16 Threads",DDR5,SSD,4GB NVIDIA GeForce RTX 3050 Ti,15.6,Windows 11 OS,1,2073600.0,512.0,16.0,3,123,12,4,1
Asus,Vivobook 15 Touch X515EA-EZ311WS Laptop,38990,69.32352941176471,11th Gen Intel Core i3 1115G4,"Dual Core, 4 Threads",DDR4,SSD,Intel Integrated UHD Graphics,15.6,Windows 11 OS,1,2073600.0,512.0,8.0,3,15,12,2,1
Apple,MacBook Air 2022 Laptop,135990,69.32352941176471,Apple M2 Apple M2 Chip,Octa Core,Unified,SSD,10-Core GPU,13.6,Mac OS,1,4259840.0,512.0,8.0,2,165,7,11,1
Asus,Vivobook S15 OLED K3502ZA-L501WS Laptop,72490,64.0,12th Gen Intel Core i5 12500H,"12 Cores (4P + 8E), 16 Threads",DDR4,SSD,Intel Iris XE Graphics,15.6,Windows 11 OS,1,2073600.0,512.0,16.0,3,42,12,2,1
Asus,Vivobook S14 OLED S3402ZA-KM501WS Laptop,72490,62.0,12th Gen Intel Core i5 12500H,"12 Cores (4P + 8E), 16 Threads",DDR4,SSD,Intel Iris Xe Graphics,14.0,Windows 11 OS,1,5184000.0,512.0,16.0,3,42,12,2,1
Dell,Inspiron 3511 Laptop,35990,69.32352941176471,11th Gen Intel Core i3 1115G4,"Dual Core, 4 Threads",DDR4,SSD,Intel UHD Graphics,15.56,Windows 11 OS,1,2073600.0,512.0,8.0,6,15,12,2,1
Xiaomi,Mi Notebook Ultra Laptop,45989,64.0,11th Gen Intel Core i5 11300H ,"Quad Core, 8 Threads",DDR4,SSD,Intel Iris Xe Graphics,15.6,Windows 10  OS,1,6400000.0,512.0,8.0,27,21,9,2,1
Dell,Inspiron 3501 Laptop,52500,69.32352941176471,11th Gen Intel Core i5 1135G7 ,"Quad Core, 8 Threads",DDR4,Hard-Disk,Intel Iris Xe Graphics,15.6,Windows 10 OS,1,2073600.0,1024.0,8.0,6,24,10,2,0
Dell,Latitude 3410 Laptop,59999,69.32352941176471,10th Gen Intel Core i5 10210U ,"Quad Core, 8 Threads",DDR4,SSD,Intel HD,14.0,Ubuntu OS,1,1049088.0,512.0,8.0,6,4,8,2,1
Apple,MacBook Air 2020 MGN73HN Laptop,112990,69.32352941176471,Apple M1 Apple M1 Chip,Octa Core (4P + 4E),DDR4,SSD,Apple M1 Integrated Graphics,13.3,Mac OS,1,4096000.0,512.0,8.0,2,161,7,2,1
Avita,Pura NS14A6 Laptop,21990,69.32352941176471,3rd Gen AMD Ryzen 5  3500U,"Quad Core, 8 Threads",DDR4,SSD,AMD Radeon Vega 8,14.0,Windows 10 OS,1,2073600.0,512.0,8.0,4,86,10,2,1
Apple,MacBook Pro 16 Laptop,201498,81.0,9th Gen Intel Core i9,Octa Core,DDR4,SSD,4GB Radeon Pro 5500M,16.0,Mac Catalina OS,1,5898240.0,2048.0,32.0,2,154,5,2,1
HP,Victus 15-fa1145TX Gaming Laptop,64990,72.0,12th Gen Intel Core i5 12450H,"Octa Core (4P + 4E), 12 Threads",DDR4,SSD,4GB NVIDIA GeForce RTX 2050,15.6,Windows 11 OS,1,2073600.0,1024.0,16.0,9,40,12,2,1
Lenovo,Thinkpad E14 G4 21E3S00P00 Laptop,68999,63.0,12th Gen Intel Core i5 1235U,"10 Cores (2P + 8E), 12 Threads",DDR4,SSD,Intel Iris Xe Graphics,14.0,DOS OS,0,2073600.0,512.0,8.0,14,37,3,2,1
Lenovo,Ideapad Gaming 3 15ARH7 82SB00QJIN Laptop,60990,66.0,7th Gen AMD Ryzen 5 7535HS,"Hexa Core, 12 Threads",DDR5,SSD,4GB NVIDIA GeForce RTX 2050,15.6,Windows 11 OS,1,2073600.0,512.0,8.0,14,132,12,4,1
Dell,Inspiron 3520 IN3520P9K46002ORS1 Laptop,40990,69.32352941176471,12th Gen Intel Core i3 1215U,"Hexa Core (2P + 4E), 8 Threads",DDR4,SSD,Intel Integrated UHD,15.6,Windows 11 OS,1,2073600.0,512.0,8.0,6,34,12,2,1
Lenovo,LOQ 15APH8 82XT004KIN Gaming Laptop,107690,75.0,7th Gen AMD Ryzen 7 7840HS,"Octa Core, 16 Threads",DDR5,SSD,8GB NVIDIA GeForce RTX 4060,15.6,Windows 11 OS,1,2073600.0,512.0,16.0,14,139,12,4,1
Lenovo,V15 G4 Laptop,25490,69.32352941176471,AMD Athlon Silver 7120U,"Dual Core, 2 Threads",LPDDR5,SSD,AMD Radeon 610M,15.6,Windows 11 OS,1,2073600.0,512.0,8.0,14,158,12,8,1
HP,15s-FR5012TU Laptop,38999,69.32352941176471,12th Gen Intel Core i3 1215U,"Hexa Core (2P + 4E), 8 Threads",DDR4,SSD,Intel UHD Graphics,15.6,Windows 11 OS,1,2073600.0,512.0,8.0,9,34,12,2,1
Infinix,INBook Y1 Plus 15 XL28 Laptop,59990,69.32352941176471,10th Gen Intel Core i5 1035G1,"Quad Core, 8 Threads",LPDDR4X,SSD,Intel Integrated UHD,15.6,Windows 11 OS,1,2073600.0,512.0,8.0,12,7,12,6,1
HP,Victus 15-FA1098TX Laptop,60990,64.0,12th Gen Intel Core i5 12450H,"Octa Core (4P + 4E), 12 Threads",DDR4,SSD,4GB NVIDIA GeForce RTX 2050,15.6,Windows 11 OS,1,2073600.0,512.0,8.0,9,40,12,2,1
HP,Victus 15-fb1002AX Gaming Laptop,55500,70.0,7th Gen AMD Ryzen 5 7535HS,"Hexa Core, 12 Threads",DDR5,SSD,4GB NVIDIA GeForce RTX 2050,15.6,Windows 11 OS,1,2073600.0,512.0,8.0,9,132,12,4,1
HP,Pavilion Plus ‎16-ab0456TX Laptop,124999,76.0,13th Gen Intel Core i7 13700H,"14 Cores (6P + 8E), 20 Threads",DDR4,SSD,6GB NVIDIA GeForce RTX 3050,16.0,Windows 11 OS,1,4096000.0,1024.0,16.0,9,73,12,2,1
HP,Omen 16-XD0007ax Gaming Laptop,104990,76.0,7th Gen AMD Ryzen 7 7840HS,"Octa Core, 16 Threads",DDR5,SSD,6GB NVIDIA GeForce RTX 4050,16.1,Windows 11 OS,1,2073600.0,1024.0,16.0,9,139,12,4,1
MSI,Katana 15 B12VGK-1295IN Gaming Laptop,136990,72.0,12th Gen Intel Core i7 12650H,"10 Cores (6P + 4E), 16 Threads",DDR5,SSD,8GB NVIDIA GeForce RTX 4070,15.6,Windows 11 OS,2,2073600.0,1024.0,16.0,15,48,12,4,1
Lenovo,Legion Slim 5 82Y9009JIN Gaming Laptop,131990,83.0,7th Gen AMD Ryzen 7 7840HS,"Octa Core, 16 Threads",DDR5,SSD,8GB NVIDIA GeForce RTX 4060,16.0,Windows 11 OS,1,4096000.0,1024.0,16.0,14,139,12,4,1
Lenovo,IdeaPad Slim 3 14ITL6 82H701N3IN Laptop,36490,60.0,11th Gen Intel Core i3 1115G4,"Dual Core, 4 Threads",DDR4,SSD,Intel UHD Graphics,14.0,Windows 11 OS,1,2073600.0,512.0,8.0,14,15,12,2,1
Asus,ROG Flow X13 GV302XV-MU016WS Gaming Laptop,188752,75.0,7th Gen AMD Ryzen 9  7940HS,"Octa Core, 16 Threads",LPDDR5,SSD,8GB NVIDIA GeForce RTX 4060,13.4,Windows 11 OS,1,4096000.0,1024.0,16.0,3,141,12,8,1
HP,250 G9 7M657PA Laptop,36999,60.0,12th Gen Intel Core i3 1215U,"Hexa Core (2P + 4E), 8 Threads",DDR4,SSD,Intel Integrated,15.6,Windows 11 OS,1,1049088.0,512.0,8.0,9,34,12,2,1
Lenovo,Yoga 7 82YL0095IN Laptop,92890,75.0,13th Gen Intel Core i5 1340P,"12 Cores (4P + 8E), 16 Threads",LPDDR5,SSD,Integrated Intel Iris Xe Graphics,14.0,Windows 11 OS,1,5184000.0,1024.0,16.0,14,59,12,8,1
Dell,Inspiron 7430 2 in 1 2023 Laptop,57990,69.32352941176471,13th Gen Intel Core i3 1315U,"Hexa Core (2P + 4E), 8 Threads",LPDDR5,SSD,Intel UHD Graphics,14.0,Windows 11 OS,1,2304000.0,256.0,8.0,6,56,12,8,1
HP,15s-fy5007TU Laptop,51999,62.0,12th Gen Intel Core i5 1235U,"10 Cores (2P + 8E), 12 Threads",DDR4,SSD,Intel Integrated UHD,15.6,Windows 11 OS,1,2073600.0,512.0,8.0,9,37,12,2,1
Lenovo,Yoga Slim 6 83E00006IN Laptop,79990,69.32352941176471,13th Gen Intel Core i5 13500H,"12 Cores (4P + 8E), 16 Threads",LPDDR5,SSD,Intel Integrated Iris Xe,14.0,Windows 11 OS,1,2304000.0,512.0,16.0,14,63,12,8,1
Lenovo,IdeaPad Flex 5 14IRU8 82Y00051IN Laptop,76890,64.0,13th Gen Intel Core i5 1335U,"10 Cores (2P + 8E), 12 Threads",LPDDR4X,SSD,Intel Integrated Iris Xe,14.0,Windows 11 OS,1,2304000.0,512.0,16.0,14,58,12,6,1
Lenovo,IdeaPad 1 15ALC7 82R400BSIN Laptop,37790,69.32352941176471,5th Gen AMD Ryzen 5  5500U,"Hexa Core, 12 Threads",DDR4,SSD,AMD Radeon,15.6,Windows 11 OS,1,2073600.0,512.0,8.0,14,97,12,2,1
Acer,One 11 Z8-284 UN.013SI.033 Laptop,17990,69.32352941176471,Intel Celeron N4500,"Dual Core, 2 Threads",DDR4,SSD,Intel Integrated UHD,11.6,Windows 11 OS,1,1049088.0,128.0,8.0,1,176,12,2,1
HP,15s-fy5006TU Laptop,38990,69.32352941176471,12th Gen Intel Core i3 1215U,"Hexa Core (2P + 4E), 8 Threads",DDR4,SSD,Intel Integrated UHD,15.6,Windows 11 OS,1,2073600.0,512.0,8.0,9,34,12,2,1
Lenovo,IdeaPad 3 15ITL6 82H803LJIN Laptop,41990,63.0,11th Gen Intel Core i5 1155G7,"Quad Core, 8 Threads",DDR4,SSD,Intel Iris Xe Graphics,15.6,Windows 11 OS,1,2073600.0,512.0,8.0,14,27,12,2,1
Lenovo,IdeaPad Slim 5 82XD005RIN Laptop,68990,69.32352941176471,13th Gen Intel Core i5 13420H,"Octa Core (4P + 4E), 12 Threads",LPDDR5,SSD,Integrated Intel Iris Xe Graphics,14.0,Windows 11 OS,2,2304000.0,512.0,16.0,14,61,12,8,1
HP,Pavilion 14-dv2153TU Laptop,69990,67.0,12th Gen Intel Core i5 1235U,"10 Cores (2P + 8E), 12 Threads",DDR4,SSD,Intel Integrated Iris Xe,14.0,Windows 11 OS,1,2073600.0,1024.0,16.0,9,37,12,2,1
Acer,TravelMate P2 TMP214-53 Business Laptop,56990,65.0,11th Gen Intel Core i7 1165G7,"Quad Core, 8 Threads",DDR4,SSD,Intel Integrated Iris Xe,14.0,Windows 11 OS,1,2073600.0,1024.0,16.0,1,28,12,2,1
Asus,ROG Strix G15 G513RC-HN251WS Gaming Laptop,89990,71.0,6th Gen AMD Ryzen 7  6800H,"Octa Core, 16 Threads",DDR5,SSD,4GB NVIDIA GeForce RTX RTX 3050,15.6,Windows 11 OS,1,2073600.0,1024.0,16.0,3,120,12,4,1
MSI,Thin GF63 12UC-846IN Gaming Laptop,62990,71.0,12th Gen Intel Core i5 12450H,"Octa Core (4P + 4E), 12 Threads",DDR4,SSD,4GB NVIDIA GeForce RTX 3050,15.6,Windows 11 OS,2,2073600.0,512.0,16.0,15,40,12,2,1
Lenovo,IdeaPad Slim 3 82RK00VWIN Laptop,37990,69.32352941176471,12th Gen Intel Core i3 1215U,"Hexa Core (2P + 4E), 8 Threads",DDR4,SSD,Intel UHD Graphics,15.6,Windows 11 OS,1,2073600.0,512.0,8.0,14,34,12,2,1
Lenovo,IdeaPad Gaming 3 82SB00V4IN Laptop,58990,60.0,6th Gen AMD Ryzen 5 6600H,"Hexa Core, 12 Threads",DDR4,SSD,4GB NVIDIA GeForce RTX 3050,15.6,Windows 11 OS,1,2073600.0,512.0,8.0,14,119,12,2,1
Lenovo,IdeaPad 1 15AMN7 82VG00EQIN Laptop,26990,69.32352941176471,AMD Athlon 7120U,"Dual Core, 2 Threads",LPDDR5,SSD,AMD Radeon 610M Graphics,15.6,Windows 11 OS,1,1049088.0,512.0,8.0,14,156,12,8,1
Asus,ROG Strix G16 2023 G614JJ-N3088WS Gaming Laptop,94990,70.0,13th Gen Intel Core i5 13450HX,"10 Cores (6P + 4E), 16 Threads",DDR5,SSD,6GB NVIDIA GeForce RTX 3050,16.0,Windows 11 OS,1,2304000.0,1024.0,16.0,3,62,12,4,1
Asus,ROG Strix G17 G713RC-HX109WS Gaming Laptop,86189,71.0,6th Gen AMD Ryzen 7 6800H,"Octa Core, 16 Threads",DDR5,SSD,4GB NVIDIA GeForce RTX 3050,17.3,Windows 11 OS,1,2073600.0,512.0,16.0,3,122,12,4,1
Chuwi,FreeBook Laptop,37990,69.32352941176471,12th Gen Intel Core i3 1215U,"Hexa Core (2P + 4E), 8 Threads",LPDDR4,SSD,Intel Integrated Intel UHD Graphics,13.5,Windows 11 OS,1,3393024.0,512.0,12.0,5,34,12,5,1
Lenovo,Legion Slim 7 16IRH8 82Y3007QIN Gaming Laptop,194990,89.0,13th Gen Intel Core i9 13900H,"14 Cores (6P + 8E), 20 Threads",DDR5,SSD,8GB NVIDIA GeForce RTX 4060,16.0,Windows 11 OS,1,6400000.0,1024.0,16.0,14,75,12,4,1
Lenovo,IdeaPad Gaming 3 15IHU6 82K101PBIN Laptop,51990,67.0,11th Gen Intel Core i5 11320H,"Quad Core, 8 Threads",DDR4,SSD,4GB NVIDIA GeForce RTX 2050,15.6,Windows 11 OS,1,2073600.0,512.0,8.0,14,22,12,2,1
Lenovo,IdeaPad Slim 3 82H803U0IN Laptop,31990,69.32352941176471,11th Gen Intel Core i3 1115G4,"Dual Core, 4 Threads",DDR4,SSD,Intel UHD Graphics,15.6,Windows 11 OS,1,2073600.0,256.0,8.0,14,15,12,2,1
Acer,Aspire 5 A515-58M NX.KHFSI.003 Gaming Laptop,41990,69.32352941176471,13th Gen Intel Core i3 1305U,"5 Cores (1P + 4E), 6 Threads",DDR5,SSD,Intel UHD Graphics,15.6,Windows 11 OS,1,2073600.0,512.0,8.0,1,55,12,4,1
Asus,VivoBook 15 X1500EA-EJ311W Laptop,31990,69.32352941176471,11th Gen Intel Core i3 1115G4,"Dual Core, 4 Threads",DDR4,SSD,Intel Integrated UHD,15.6,Windows 11 OS,1,2073600.0,256.0,8.0,3,15,12,2,1
Asus,Vivobook 15 X1504ZA-NJ542WS Laptop,51390,60.0,12th Gen Intel Core i5 1235U,"10 Cores (2P + 8E), 12 Threads",DDR4,SSD,Intel Iris Xe Graphics,15.6,Windows 11 OS,1,2073600.0,512.0,16.0,3,37,12,2,1
HP,Pavilion 15-eg3018TU Laptop,76900,69.32352941176471,13th Gen Intel Core i5 1335U,"10 Cores (2P + 8E), 12 Threads",DDR4-,SSD,Intel Integrated Intel Iris Xe Graphics,15.6,Windows 11 OS,1,2073600.0,1024.0,16.0,9,58,12,3,1
HP,15s-fq3066TU Laptop,27890,69.32352941176471,Intel Celeron N4500,"Dual Core, 2 Threads",DDR4,SSD,Intel Integrated UHD,15.6,Windows 11 OS,1,1049088.0,512.0,8.0,9,176,12,2,1
Lenovo,IdeaPad 3 82H803HRIN Laptop,56990,60.0,11th Gen Intel Core i7 1165G7,"Quad Core, 8 Threads",DDR4,SSD,Integrated Intel Iris Xe Graphics,15.6,Windows 11 OS,1,2073600.0,512.0,16.0,14,28,12,2,1
Asus,Vivobook Pro 15 M6500QC-HN751WS Laptop,73990,64.0,5th Gen AMD Ryzen 7 5800HS,"Octa Core, 16 Threads",DDR4,SSD,4GB NVIDIA GeForce RTX 3050,15.6,Windows 11 OS,1,2073600.0,1024.0,16.0,3,116,12,2,1
HP,255 G9 841W6PA Laptop,24999,69.32352941176471,3rd Gen AMD Ryzen 3  3250U,"Dual Core, 4 Threads",DDR4,SSD,AMD Radeon Graphics,15.6,DOS 3.0 OS,1,1049088.0,512.0,8.0,9,85,2,2,1
HP,255 G8 7J035AA Laptop,33999,69.32352941176471,5th Gen AMD Ryzen 5  5500U,"Hexa Core, 12 Threads",DDR4,SSD,AMD Radeon ,15.6,Windows 11  OS,1,2073600.0,256.0,8.0,9,97,11,2,1
Lenovo,IdeaPad Slim 5 16IAH8 83BG000PIN Laptop,61990,63.0,12th Gen Intel Core i5 12450H,"Octa Core (4P + 4E), 12 Threads",LPDDR5,SSD,Intel UHD Graphics,16.0,Windows 11 OS,1,2304000.0,512.0,16.0,14,40,12,8,1
HP,Victus15-fb0147AX Gaming Laptop,47990,62.0,5th Gen AMD Ryzen 5  5600H,"Hexa Core, 12 Threads",DDR4,SSD,4GB AMD Radeon AMD Radeon RX 6500M,15.6,Windows 11 OS,1,2073600.0,512.0,8.0,9,100,12,2,1
Asus,TUF Gaming F15  FX506HF-HN075W Gaming Laptop,53990,66.0,11th Gen Intel Core i5 11260H,"Hexa Core, 12 Threads",DDR4,SSD,4GB NVIDIA GeForce RTX 2050,15.6,Windows 11 OS,1,2073600.0,512.0,8.0,3,19,12,2,1
HP,15S-EQ1550AU Laptop,31890,69.32352941176471,3rd Gen AMD Ryzen 3  3250U,"Dual Core, 4 Threads",DDR4,SSD,AMD Radeon Graphics,15.6,Windows 11 OS,1,2073600.0,512.0,8.0,9,85,12,2,1
Asus,Vivobook Pro 15 M6500QF-HN541WS Creator Laptop,62390,63.0,5th Gen AMD Ryzen 5  5600H,"Hexa Core, 12 Threads",DDR4,SSD,4GB NVIDIA GeForce GTX 2050,15.6,Windows 11 OS,1,2073600.0,512.0,16.0,3,100,12,2,1
Wings,Nuvobook Pro Laptop,49990,69.32352941176471,11th Gen Intel Core i7 1165G7,"Quad Core, 8 Threads",LPDDR4,SSD,Intel Graphics,14.0,Windows 11 OS,1,2073600.0,512.0,16.0,26,28,12,5,1
Wings,Nuvobook S1 Laptop,29990,69.32352941176471,11th Gen Intel Core i3 1125G4,"Quad Core, 8 Threads",LPDDR4,SSD,Intel Graphics,15.6,Windows 11 OS,1,2073600.0,256.0,8.0,26,17,12,5,1
Infinix,INBook X3 Slim Series XL422 Laptop,49990,69.32352941176471,12th Gen Intel Core i7 1255U,"10 Cores (2P + 8E), 12 Threads",LPDDR4X,SSD,Intel Integrated Iris Xe,14.0,Windows 11 OS,1,2073600.0,512.0,16.0,12,45,12,6,1
Dell,Vostro 3430 Laptop,43490,69.32352941176471,13th Gen Intel Core i3 1305U,"5 Cores (1P + 4E), 6 Threads",DDR4,SSD,Intel UHD Graphics,14.0,Windows 11 OS,1,2073600.0,512.0,8.0,6,55,12,2,1
Dell,Inspiron 7430 2 in 1 Touch Laptop,95640,60.0,13th Gen Intel Core i5 1335U,"10 Cores (2P + 8E), 12 Threads",LPDDR5,SSD,Intel Iris Xe Graphics,14.0,Windows 11 OS,1,2304000.0,1024.0,16.0,6,58,12,8,1
HP,Omen 16-xf0060AX Gaming Laptop,125990,80.0,7th Gen AMD Ryzen 7 7840HS,"Octa Core, 16 Threads",DDR5,SSD,8GB NVIDIA GeForce RTX 4060,16.0,Windows 11 OS,1,2073600.0,1024.0,16.0,9,139,12,4,1
HP,Pavilion 15-eg3017TU Laptop,72990,63.0,13th Gen Intel Core i5 1335U,"10 Cores (2P + 8E), 12 Threads",DDR4,SSD,Intel Integrated Intel Iris Xe Graphics,15.6,Windows 11 OS,1,2073600.0,1024.0,16.0,9,58,12,2,1
MSI,Thin GF63 11UCX-1497IN Gaming Laptop,47990,69.0,11th Gen Intel Core i5 11260H,"Hexa Core, 12 Threads",DDR4,SSD,4GB NVIDIA GeForce RTX 2050,15.6,Windows 11 OS,2,2073600.0,512.0,8.0,15,19,12,2,1
HP,Victus  15-fa1060TX  Gaming Laptop,99999,71.0,13th Gen Intel Core i5 13500H,"12 Cores (4P + 8E), 16 Threads",DDR4,SSD,6GB NVIDIA GeForce RTX 4050,15.6,Windows 11 OS,1,2073600.0,512.0,16.0,9,63,12,2,1
Asus,Vivobook 15 X1504ZA-NJ325WS Laptop,40990,69.32352941176471,12th Gen Intel Core i3 1215U,"Hexa Core (2P + 4E), 8 Threads",DDR4,SSD,Integrated Intel UHD Graphics,15.6,Windows 11 OS,1,2073600.0,512.0,8.0,3,34,12,2,1
Asus,Zenbook Flip 14 OLED UP5401ZA-KU741WS Laptop,94990,75.0,12th Gen Intel Core i7 12700H,"14 Cores (6P + 8E), 20 Threads",LPDDR5,SSD,Intel Integrated Iris Xe,14.0,Windows 11 OS,1,9216000.0,512.0,16.0,3,51,12,8,1
Asus,VivoBook 15 X1500EA-EJ326WS Laptop,37990,69.32352941176471,11th Gen intel Core i3 1115G4,"Dual Core, 4 Threads",DDR4,SSD,Intel UHD Graphics,15.6,Windows 11 OS,1,2073600.0,512.0,8.0,3,33,12,2,1
Lenovo,LOQ 15IRH8 82XV00F4IN 2023 Gaming Laptop,73990,69.0,12th Gen Intel Core i5 12450H,"Octa Core (4P + 4E), 12 Threads",DDR5,SSD,4GB NVIDIA GeForce RTX 2050,15.6,Windows 11 OS,1,2073600.0,512.0,16.0,14,40,12,4,1
Lenovo,LOQ 15APH8 82XT009CIN 2023 Gaming Laptop,109990,75.0,7th Gen AMD Ryzen 7 7840HS,"Octa Core, 16 Threads",DDR5,SSD,8GB NVIDIA GeForce RTX 4060,15.6,Windows 11 OS,1,2073600.0,512.0,16.0,14,139,12,4,1
Acer,Nitro 5 AN515-58 NH.QFHSI.008 Gaming Laptop,65999,65.0,12th Gen Intel Core i5 12450H,"Octa Core (4P + 4E), 12 Threads",DDR4,SSD,4GB NVIDIA GeForce RTX 3050,15.6,Windows 11 OS,1,2073600.0,512.0,8.0,1,40,12,2,1
Acer,Aspire Lite AL15-51 2023 Laptop,35990,69.32352941176471,5th Gen AMD Ryzen 5 5500U,"Hexa Core, 12 Threads",DDR4,SSD,AMD Graphics,15.6,Windows 11 OS,1,2073600.0,512.0,8.0,1,104,12,2,1
Asus,Vivobook 15 X1504ZA-NJ321WS Laptop,37980,69.32352941176471,12th Gen Intel Core i3 1215U,"Hexa Core (2P + 4E), 8 Threads",DDR4,SSD,Integrated Intel UHD Graphics,15.6,Windows 11 OS,1,2073600.0,512.0,8.0,3,34,12,2,1
MSI,Modern 15 B11M-061IN Laptop,40789,63.0,11th Gen Intel Core i5 1155G7,"Quad Core, 8 Threads",DDR4,SSD,Intel Integrated Iris Xe,15.6,Windows 11 OS,1,2073600.0,512.0,16.0,15,27,12,2,1
Dell,Alienware M18 R1 2023 Gaming Laptop,450039,83.0,13th Gen Intel Core i9 13980HX,"24 Cores (8P + 16E), 32 Threads",LPDDR5,SSD,16GB NVIDIA GeForce RTX 4090,18.0,Windows 11 OS,1,5760000.0,1024.0,64.0,6,79,12,8,1
Asus,Vivobook 14X K3405ZFB-KM752WS Laptop,89990,75.0,12th Gen Intel Core i7 12650H ,"10 Cores (6P + 4E), 16 Threads",DDR4,SSD,4GB NVIDIA GeForce RTX 2050,14.0,Windows 11 OS,1,5184000.0,1024.0,16.0,3,49,12,2,1
Acer,Aspire 5 15 A515-58M Gaming Laptop,56990,60.0,13th Gen Intel Core i5 1335U,"10 Cores (2P + 8E), 12 Threads",LPDDR5,SSD,4GB NVIDIA GeForce RTX2050,15.6,Windows 11 OS,1,2073600.0,512.0,16.0,1,58,12,8,1
Walker,NU14A1 Laptop,16990,69.32352941176471,Intel Celeron  N4020,"Dual Core, 2 Threads",DDR4,SSD,Intel Integrated UHD Graphics,14.1,Windows 11 OS,1,2073600.0,128.0,4.0,25,171,12,2,1
Acer,Swift 3 OLED SF314-71 NX.K9PSI.003 Laptop,54990,63.0,12th Gen Intel Core i5 12500H,"12 Cores (4P + 8E), 16 Threads",LPDDR5,SSD,Intel Integrated Iris Xe,14.0,Windows 11 OS,1,5184000.0,512.0,8.0,1,42,12,8,1
Dell,Inspiron 14 5430 2023 Laptop,67000,60.0,13th Gen Intel Core i5 1335U,"10 Cores (2P + 8E), 12 Threads",LPDDR5,SSD,Intel Iris Xe Graphics,14.0,Windows 11 OS,1,2304000.0,1024.0,8.0,6,58,12,8,1
Lenovo,ThinkBook 15 21JF002CIN Laptop,34499,69.32352941176471,7th Gen AMD Ryzen 3 7330U,"Quad Core, 8 Threads",DDR4,SSD,AMD Radeon AMD,15.6,DOS OS,1,2073600.0,512.0,8.0,14,127,3,2,1
HP,Pavilion Plus ‎14-eh1047TU Laptop,107763,71.0,13th Gen Intel Core i7 13700H,"14 Cores (6P + 8E), 20 Threads",DDR4,SSD,Intel Integrated Iris Xe,14.0,Windows 11 OS,1,5184000.0,512.0,16.0,9,73,12,2,1
Dell,Inspiron 7430 2 in 1 Laptop,61490,69.32352941176471,13th Gen Intel Core i3 1315U,"Hexa Core (2P + 4E), 8 Threads",LPDDR5,SSD,Intel UHD Graphics,14.0,Windows 11 OS,1,2304000.0,1024.0,8.0,6,56,12,8,1
HP,Pavilion Plus 14-eh1022TU Laptop,80490,69.0,13th Gen Intel Core i5 1340P,"12 Cores (4P + 8E), 16 Threads",DDR4,SSD,Intel Iris Xe Graphics,14.0,Windows 11 OS,1,3136000.0,512.0,16.0,9,59,12,2,1
Lenovo,Ideapad Gaming 3 82SB00NXIN Laptop,57990,69.0,7th Gen AMD Ryzen 5 7535HS,"Hexa Core, 12 Threads",DDR5,SSD,4GB NVIDIA GeForce RTX 2050,15.6,Windows 11 OS,1,2073600.0,512.0,16.0,14,132,12,4,1
MSI,Modern 14 C11M-029IN Laptop,39990,62.0,11th Gen Intel Core i5 1155G7,"Quad Core, 8 Threads",DDR4,SSD,Intel Integrated Iris Xe,14.0,Windows 11 OS,1,2073600.0,512.0,16.0,15,27,12,2,1
Lenovo,Ideapad Flex 5i 14IAU7 82R70067IN Laptop,53990,64.0,12th Gen Intel Core i3 1215U,"Hexa Core (2P + 4E), 8 Threads",LPDDR4,SSD,Intel Integrated UHD,14.0,Windows 11 OS,1,2073600.0,512.0,8.0,14,34,12,5,1
Dell,Inspiron 3535 Laptop,44500,69.32352941176471,7th Gen Amd Ryzen 5 7520U,"Quad Core, 8 Threads",LPDDR5,SSD,AMD Radeon Graphics,15.6,Windows 11 OS,1,2073600.0,512.0,8.0,6,144,12,8,1
HP,14-hr0000AU Laptop,48999,60.0,7th Gen AMD Ryzen 5 7520U,"Quad Core, 8 Threads",LPDDR5,SSD,AMD Radeon AMD,14.0,Windows 11 OS,1,2073600.0,512.0,16.0,9,129,12,8,1
HP,Envy 15-fe0032TU Laptop,116990,70.0,13th Gen Intel Core i7 1355U,"10 Cores (2P + 8E), 12 Threads",LPDDR5,SSD,Intel Iris X Graphics,15.6,Windows 11 OS,1,2073600.0,1024.0,16.0,9,66,12,8,1
Acer,Aspire 3 NX.KDESI.008 Laptop,30990,69.32352941176471,7th Gen AMD Ryzen 3 7320U,"Quad Core, 8 Threads",DDR5,SSD,AMD Radeon AMD,15.6,Windows 11 OS,1,2073600.0,512.0,8.0,1,126,12,4,1
Lenovo,IdeaPad Slim 3 82XQ008EIN Laptop,33790,69.32352941176471,7th Gen AMD Ryzen 3 7320U,"Quad Core, 8 Threads",LPDDR5,SSD,AMD Radeon 610M Graphics,15.6,Windows 11 OS,1,2073600.0,512.0,8.0,14,126,12,8,1
MSI,Thin GF63 11UCX-1476IN Gaming Laptop,51990,72.0,11th Gen Intel Core i5 11260H,"Hexa Core, 12 Threads",DDR4,SSD,4GB NVIDIA GeForce RTX 2050 ,15.6,Windows 11 OS,2,2073600.0,512.0,16.0,15,19,12,2,1
Asus,Vivobook 15 X1504ZA-NJ521WS Laptop,45990,69.32352941176471,12th Gen Intel Core i5 1235U,"10 Cores (2P + 8E), 12 Threads",DDR4,SSD,Integrated Intel Iris Xe Graphics,15.6,Windows 11 OS,1,2073600.0,512.0,8.0,3,37,12,2,1
MSI,Thin GF63 11UC-1475IN Gaming Laptop,51990,70.0,11th Gen Intel Core i5 11260H,"Hexa Core, 12 Threads",DDR4,SSD,4GB NVIDIA GeForce RTX 3050 ,15.6,Windows 11 OS,2,2073600.0,512.0,8.0,15,19,12,2,1
Lenovo,V15 G3 IAP 82TTA00UIH Laptop,34099,69.32352941176471,12th Gen Intel Core i3 1215U,"Hexa Core (2P + 4E), 8 Threads",DDR4,SSD,Intel Integrated UHD,15.6,DOS OS,1,2073600.0,512.0,8.0,14,34,3,2,1
HP,Pavilion 15-EH3101AU Laptop,65600,66.0,7th Gen AMD Ryzen 7 7730U,"Octa Core, 16 Threads",DDR4,SSD,AMD Radeon Vega 8 Graphics,15.6,Windows 11 OS,1,2073600.0,512.0,16.0,9,135,12,2,1
Lenovo,V15 G4 82YU00W6IN Laptop,27990,69.32352941176471,7th Gen AMD Ryzen 3 7320U,"Quad Core, 8 Threads",LPDDR5,SSD,AMD Radeon Graphics,15.6,DOS OS,1,2073600.0,512.0,8.0,14,126,3,8,1
Lenovo,V14 G3 IAP Laptop,46990,69.32352941176471,12th Gen Intel Core i5 1235U,"10 Cores (2P + 8E), 12 Threads",DDR4,SSD,Intel Integrated UHD,14.0,Windows 11 OS,1,2073600.0,512.0,8.0,14,37,12,2,1
Dell,‎G16-7630 2023 Gaming Laptop,161590,78.0,13th Gen Intel Core i7 13650HX,14 Cores (6P + 8E),DDR5,SSD,8GB NVIDIA GeForce RTX 4060,16.0,Windows 11 OS,1,4096000.0,1024.0,16.0,6,71,12,4,1
Dell,Inspiron 7430 IC7430FD64T001ORS1 Laptop,98990,69.32352941176471,13th Gen Intel Core i7 1355U,"10 Cores (2P + 8E), 12 Threads",LPDDR5,SSD,Intel Iris Xe Graphics,14.0,Windows 11 OS,1,2304000.0,512.0,16.0,6,66,12,8,1
Lenovo,Legion 5 Pro 2023 Gaming Laptop,172990,79.0,13th Gen Intel Core i7 13700H,"14 Cores (6P + 8E), 20 Threads",DDR5,SSD,16GB NVIDIA GeForce RTX 4090,16.0,Windows 11 OS,1,4096000.0,1024.0,32.0,14,73,12,4,1
Acer,One 14 Z8-415UN.599SI.009 Laptop,25990,69.32352941176471,11th Gen Intel Core i3 1115G4,"Dual Core, 4 Threads",DDR4,SSD,Intel Iris Xe Graphics,14.0,Windows 11 OS,1,2073600.0,256.0,8.0,1,15,12,2,1
HP,Victus 15-fb0136AX Gaming Laptop,61990,66.0,5th Gen AMD Ryzen 5 5600H,"Hexa Core, 12 Threads",DDR4,SSD,4GB NVIDIA GeForce RTX 3050,15.6,Windows 11 OS,1,2073600.0,512.0,16.0,9,105,12,2,1
Asus,Zenbook 14X OLED 2023 UM5401QA-KM751WS Laptop,76990,64.0,5th Gen AMD Ryzen 7 5800HS,"Octa Core, 16 Threads",LPDDR4X,SSD,AMD Radeon AMD,14.0,Windows 11 OS,1,5184000.0,1024.0,16.0,3,116,12,6,1
Dell,G15-5530 Gaming Laptop,126790,73.0,13th Gen Intel Core i7 13650HX,14 Cores (6P + 8E),DDR5,SSD,6GB NVIDIA GeForce RTX 4050,15.6,Windows 11 OS,1,2073600.0,512.0,16.0,6,71,12,4,1
Asus,ROG Flow Z13 2023 GZ301VV-MU014WS Gaming Laptop,209990,73.0,13th Gen Intel Core i9 13900H,"14 Cores (6P + 8E), 20 Threads",LPDDR5,SSD,8GB NVIDIA GeForce RTX 4060,13.4,Windows 11 OS,1,4096000.0,1024.0,16.0,3,75,12,8,1
Asus,ROG Strix G16 2023 G614JI-N4151WS Gaming Laptop,209990,79.0,13th Gen Intel Core i9 13980HX,"24 Cores (8P + 16E), 32 Threads",DDR5,SSD,8GB NVIDIA GeForce RTX 4070,16.0,Windows 11 OS,1,4096000.0,1024.0,16.0,3,79,12,4,1
Asus,ROG Strix G16 2023 G614JU-N3200WS Gaming Laptop,142990,78.0,13th Gen Intel Core i7 13650HX,14 Cores (6P + 8E),DDR5,SSD,6GB NVIDIA GeForce RTX 4050,16.0,Windows 11 OS,1,2304000.0,1024.0,16.0,3,71,12,4,1
Asus,Vivobook Pro 15 OLED K6502VU-MA951WS Laptop,156990,84.0,13th Gen Intel Core i9 13900H,"14 Cores (6P + 8E), 20 Threads",DDR5,SSD,6GB NVIDIA GeForce RTX 4050,15.6,Windows 11 OS,1,4665600.0,1024.0,16.0,3,75,12,4,1
Asus,Vivobook 14X OLED 2023 K3405VCB-KM542WS Laptop,93980,70.0,13th Gen Intel Core i5 13500H,"12 Cores (4P + 8E), 16 Threads",DDR4,SSD,4GB NVIDIA Geforce RTX 3050,14.0,Windows 11 OS,1,5184000.0,512.0,16.0,3,63,12,2,1
Asus,TUF Gaming F17 FX706HF-HX018W Laptop,53990,64.0,11th Gen Intel Core i5 11400H,"Hexa Core, 12 Threads",DDR4,SSD,4GB NVIDIA GeForce RTX 2050,17.3,Windows 11 OS,1,2073600.0,512.0,8.0,3,25,12,2,1
HP,15s-fy5002TU Laptop,51990,69.32352941176471,12th Gen Intel Core i5 1235U,"10 Cores (2P + 8E), 12 Threads",DDR4,SSD,Intel Integrated Integrated,15.6,Windows 11 OS,1,2073600.0,512.0,8.0,9,37,12,2,1
Asus,VivoBook 15 X515EA-EJ342WS Laptop,35990,69.32352941176471,11th Gen intel Core i3 1115G4,"Dual Core, 4 Threads",DDR4,SSD,Intel UHD Graphics,15.6,Windows 11 OS,1,2073600.0,512.0,16.0,3,33,12,2,1
HP,15s-fy5003TU Laptop,37990,69.32352941176471,12th Gen Intel Core i3 1215U,"Hexa Core (2P + 4E), 8 Threads",DDR4,SSD,Intel Integrated UHD,15.6,Windows 11 OS,1,2073600.0,512.0,8.0,9,34,12,2,1
HP,15-fc0030AU Laptop,46490,69.32352941176471,7th Gen AMD Ryzen 5 7520U,"Quad Core, 8 Threads",LPDDR5,SSD,AMD Radeon AMD,15.6,Windows 11 OS,1,2073600.0,512.0,16.0,9,129,12,8,1
HP,15-eg3036TU Laptop,90490,69.0,13th Gen Intel Core i7 1360P,"12 Cores (4P + 8E), 16 Threads",DDR4,SSD,Intel Integrated Integrated,15.6,Windows 11 OS,1,2073600.0,1024.0,16.0,9,68,12,2,1
HP,Victus 15-fb0122AX Gaming Laptop,55990,67.0,5th Gen AMD Ryzen 5  5600H ,"Hexa Core, 12 Threads",DDR4,SSD,4GB NVIDIA GeForce GTX 1650,15.6,Windows 11 OS,1,2073600.0,512.0,8.0,9,101,12,2,1
Asus,Vivobook Pro 16 OLED 2023 K6602VU-LZ952WS Laptop,159990,88.0,13th Gen Intel Core i9 13900H,"14 Cores (6P + 8E), 20 Threads",DDR5,SSD,6GB NVIDIA GeForce RTX 4050,16.0,Windows 11 OS,1,6400000.0,1024.0,16.0,3,75,12,4,1
HP,15-fd0011TU Laptop,57990,69.32352941176471,13th Gen Intel Core i5 1335U,"10 Cores (2P + 8E), 12 Threads",DDR4,SSD,Intel Integrated Integrated,15.6,Windows 11 OS,1,2073600.0,512.0,8.0,9,58,12,2,1
Acer,Predator Helios Neo 16 NH.QLTSI.002 Laptop,104990,66.0,13th Gen Intel Core i7 13700HX,"16 Cores (8P + 8E), 24 Threads",LPDDR5,SSD,6GB NVIDIA GeForce RTX 4050,16.0,Windows 11 OS,1,4096000.0,512.0,16.0,1,74,12,8,1
Acer,Predator Helios Neo 16 NH.QLTSI.001 Laptop,99990,70.0,13th Gen Intel Core i5 13500HX,"14 Cores (6P + 8E), 20 Threads",DDR5,SSD,6GB NVIDIA GeForce RTX 4050,16.0,Windows 11 OS,1,2304000.0,512.0,16.0,1,65,12,4,1
MSI,Cyborg 15 A12UCX-264IN Gaming Laptop,80500,69.0,12th Gen Intel Core i5 12450H,"Octa Core (4P + 4E), 12 Threads",DDR5,SSD,4GB Nvidia GeForce RTX 2050,15.6,Windows 11 OS,2,2073600.0,512.0,16.0,15,40,12,4,1
Dell,Vostro 3425 Laptop,37990,69.32352941176471,5th Gen AMD Ryzen 5 5500U,"Hexa Core, 12 Threads",DDR4,SSD,AMD Radeon Graphics,14.0,Windows 11 OS,1,2073600.0,512.0,8.0,6,104,12,2,1
HP,15-fc0026AU Laptop,34250,69.32352941176471,7th Gen AMD Ryzen 3 7320U,"Quad Core, 8 Threads",LPDDR5,SSD,AMD Radeon AMD,15.6,Windows 11 OS,1,2073600.0,512.0,8.0,9,126,12,8,1
HP,Victus 15-fa1066TX Gaming Laptop,109990,71.0,13th Gen Intel Core i7 13700H,"14 Cores (6P + 8E), 20 Threads",DDR4,SSD,6GB NVIDIA GeForce RTX 4050,15.6,Windows 11 OS,1,2073600.0,512.0,16.0,9,73,12,2,1
HP,15s-fq2738TU Laptop,33990,69.32352941176471,11th Gen Intel Core i3 1115G4 ,"Dual Core, 4 Threads",DDR4,SSD,Intel Integrated UHD Graphics,15.6,Windows 11 OS,1,1049088.0,512.0,8.0,9,16,12,2,1
Asus,Zenbook S13 OLED 2023 UX5304VA-NQ542WS Laptop,79990,64.0,13th Gen Intel Core i5 1335U,"10 Cores (2P + 8E), 12 Threads",LPDDR5,SSD,Intel Integrated Intel Iris Xe Graphics,13.3,Windows 11 OS,1,5184000.0,512.0,16.0,3,58,12,8,1
Asus,Vivobook 15 2023 X1502VA-NJ541WS Laptop,64990,62.0,13th Gen Intel Core i5 13500H,"12 Cores (4P + 8E), 16 Threads",DDR4,SSD,Integrated Intel iris Xe Graphics,15.6,Windows 11 OS,1,2073600.0,512.0,16.0,3,63,12,2,1
Asus,Vivobook S15 OLED 2023 S5504VA-MA953WS Laptop,109990,71.0,13th Gen Intel Core i9 13900H,"14 Cores (6P + 8E), 20 Threads",LPDDR5,SSD,Intel Integrated Iris Xe,15.6,Windows 11 OS,1,4665600.0,1024.0,16.0,3,75,12,8,1
MSI,Bravo 15 B5ED-035IN Gaming Laptop,62990,72.0,5th Gen AMD Ryzen 7 5800H,"Octa Core, 16 Threads",DDR4,SSD,4GB AMD Radeon RX6500M,15.6,Windows 11 OS,1,2073600.0,512.0,16.0,15,114,12,2,1
Huawei,MateBook D14 2023 Laptop,58999,65.0,13th Gen Intel Core i5 1340P,"12 Cores (4P + 8E), 16 Threads",LPDDR4X,SSD,Intel Iris Xe Graphics,14.0,Windows 11 OS,1,2304000.0,512.0,16.0,11,59,12,6,1
MSI,Titan GT77 HX 13VH-093IN Gaming Laptop,420000,69.32352941176471,13th Gen Intel Core i9 13980HX,"24 Cores (8P + 16E), 32 Threads",DDR5,SSD,12GB NVIDIA GeForce RTX 4080,17.3,Windows 11 OS,2,8294400.0,2048.0,64.0,15,79,12,4,1
Lenovo,E41-55 Laptop,23990,69.32352941176471,3rd Gen AMD Athlon Silver 3050U,"Dual Core, 2 Threads",DDR4,SSD,AMD Radeon Graphics,14.0,Windows 11 OS,1,2073600.0,256.0,8.0,14,84,12,2,1
HP,15-fc0028AU Laptop,42999,69.32352941176471,7th Gen AMD Ryzen 5 7520U,"Quad Core, 8 Threads",LPDDR5,SSD,AMD Radeon AMD,15.6,Windows 11 OS,1,2073600.0,512.0,8.0,9,129,12,8,1
HP,15s-eq2223AU Laptop,38861,69.32352941176471,5th Gen AMD Ryzen 5 5500U,"Hexa Core, 12 Threads",DDR4,SSD,AMD Radeon AMD,15.6,Windows 11 OS,1,2073600.0,512.0,8.0,9,104,12,2,1
Lenovo,V15 G3 82TTA00VIH Laptop,33590,69.32352941176471,12th Gen Intel Core i3 1215U,"Hexa Core (2P + 4E), 8 Threads",DDR4,SSD,Intel Integrated UHD,15.6,Windows 11 OS,1,2073600.0,512.0,8.0,14,34,12,2,1
HP,Chromebook 15a-na0012TU Laptop,15990,69.32352941176471,Intel Celeron  N4500,"Dual Core, 2 Threads",LPDDR4x,Hard-Disk,Intel Integrated UHD Graphics,15.6,Chrome OS,1,1049088.0,128.0,4.0,9,173,1,7,0
Asus,Vivobook Go 14 2023 E1404FA-NK322WS Laptop,33980,69.32352941176471,7th Gen AMD Ryzen 3 7320U,"Quad Core, 8 Threads",LPDDR5,SSD,AMD Radeon AMD,14.0,Windows 11 OS,1,2073600.0,512.0,8.0,3,126,12,8,1
Acer,Nitro 5 AN515-47 NH.QL3SI.001 Gaming Laptop,78400,71.0,7th Gen AMD Ryzen 5 7535HS,"Hexa Core, 12 Threads",DDR5,SSD,4GB NVIDIA GeForce RTX 3050,15.6,Windows 11 OS,1,2073600.0,512.0,8.0,1,132,12,4,1
Asus,Vivobook Pro 15 M6500QC-HN742WS Laptop,79990,72.0,5th Gen AMD Ryzen 7 5800H,"Octa Core, 16 Threads",DDR4,SSD,4GB NVIDIA GeForce RTX 3050,15.6,Windows 11 OS,1,2073600.0,512.0,16.0,3,114,12,2,1
Acer,Aspire 5 UN.K3JSI.004 Laptop,47990,67.0,12th Gen Intel Core i5 1235U,"10 Cores (2P + 8E), 12 Threads",DDR4,SSD,Intel Iris Xe Graphic,15.6,Windows 11 OS,1,2073600.0,512.0,12.0,1,37,12,2,1
Asus,Vivobook Pro 15 M6500QC-HN542WS Laptop,74990,68.0,5th Gen AMD Ryzen 5  5600H,"Hexa Core, 12 Threads",DDR4,SSD,4GB NVIDIA GeForce RTX 3050,15.6,Windows 11 OS,1,2073600.0,512.0,16.0,3,100,12,2,1
MSI,Modern 15 B13M-291IN Laptop,45889,69.32352941176471,13th Gen Intel Core i5 1335U,"10 Cores (2P + 8E), 12 Threads",DDR4,SSD,Intel Integrated Iris Xe,15.6,Windows 11 OS,1,2073600.0,512.0,8.0,15,58,12,2,1
Asus,Zenbook 14 OLED 2023 UM3402YA-KM741WS Laptop,90990,70.0,7th Gen AMD Ryzen 7 7730U,"Octa Core, 16 Threads",LPDDR4X,SSD,AMD Radeon AMD,14.0,Windows 11 OS,1,5184000.0,512.0,16.0,3,135,12,6,1
Asus,Vivobook Go 15 OLED 2023 E1504FA-LK521WS Laptop,50990,69.32352941176471,7th Gen AMD Ryzen 5 7520U,"Quad Core, 8 Threads",LPDDR5,SSD,AMD Radeon AMD,15.6,Windows 11 OS,1,2073600.0,512.0,8.0,3,129,12,8,1
Samsung,Galaxy Book 3 NP750XFG-KA2IN Laptop,74990,69.32352941176471,13th Gen Intel Core i5 1335U,"10 Cores (2P + 8E), 12 Threads",LPDDR4x,SSD,Intel Iris Xe Graphics,15.6,Windows 11 OS,1,2073600.0,512.0,16.0,21,58,12,7,1
Infinix,INBook Y1 Plus XL28 Laptop,25990,69.32352941176471,10th Gen Intel Core i3 1005G1,"Dual Core, 4 Threads",LPDDR4X,SSD,Intel Integrated UHD,15.6,Windows 11 OS,1,2073600.0,512.0,8.0,12,1,12,6,1
Samsung,Galaxy Book 3 360 13 NP730QFG-KA3IN Laptop,133990,68.0,13th Gen Intel Core i7 1355U,"10 Cores (2P + 8E), 12 Threads",LPDDR4x,SSD,Intel Iris Xe Graphics,13.3,Windows 11 OS,1,2073600.0,1024.0,16.0,21,66,12,7,1
Samsung,Galaxy Book 3 Pro NP960XFG-KC2IN Laptop,165990,73.0,13th Gen Intel Core i7 1360P,"12 Cores (4P + 8E), 16 Threads",LPDDR5,SSD,Intel Iris Xe Graphics,16.0,Windows 11 OS,1,5184000.0,1024.0,16.0,21,68,12,8,1
Samsung,Galaxy Book 3 Pro 360 NP960QFG-KA1IN Laptop,163990,80.0,13th Gen Intel Core i7 1360P,"12 Cores (4P + 8E), 16 Threads",DDR5,SSD,Intel Iris Xe Graphics,16.0,Windows 11 OS,1,5184000.0,512.0,16.0,21,68,12,4,1
Samsung,Galaxy Book 3 360 13 NP730QFG-KA2IN Laptop,109990,66.0,13th Gen Intel Core i7 1355U,"10 Cores (2P + 8E), 12 Threads",LPDDR4x,SSD,Intel Iris Xe Graphics,13.3,Windows 11 OS,1,2073600.0,512.0,16.0,21,66,12,7,1
Samsung,Galaxy Book 3 Pro 14 NP940XFG-KC4IN Laptop,139990,71.0,13th Gen Intel Core i7 1360P,"12 Cores (4P + 8E), 16 Threads",LPDDR5,SSD,Intel Iris Xe Graphics,14.0,Windows 11 OS,1,5184000.0,512.0,16.0,21,68,12,8,1
Samsung,Galaxy Book 3 360 13 NP730QFG-KA1IN Laptop,109990,66.0,13th Gen Intel Core i5 1335U,"10 Cores (2P + 8E), 12 Threads",LPDDR4x,SSD,Intel Iris Xe Graphics,13.3,Windows 11 OS,1,2073600.0,512.0,16.0,21,58,12,7,1
Samsung,Galaxy Book 3 Pro NP960XFG-KC1IN Laptop,149990,72.0,13th Gen Intel Core i7 1360P,"12 Cores (4P + 8E), 16 Threads",LPDDR5,SSD,Intel Iris Xe Graphics,16.0,Windows 11 OS,1,5184000.0,512.0,16.0,21,68,12,8,1
Samsung,Galaxy Book 3 Pro 360 NP960QFG-KA3IN Laptop,179990,81.0,13th Gen Intel Core i7 1360P,"12 Cores (4P + 8E), 16 Threads",DDR5,SSD,Intel Iris Xe Graphics,16.0,Windows 11 OS,1,5184000.0,1024.0,16.0,21,68,12,4,1
Samsung,Galaxy Book 3 Pro 360 NP960QFG-KA2IN Laptop,155990,74.0,13th Gen Intel Core i5 1340P,"12 Cores (4P + 8E), 16 Threads",LPDDR5,SSD,Intel Iris Xe Graphics,16.0,Windows 11 OS,1,5184000.0,512.0,16.0,21,59,12,8,1
Samsung,Galaxy Book 3 Ultra Laptop,229900,78.0,13th Gen Intel Core i9 13900H,"14 Cores (6P + 8E), 20 Threads",LPDDR5,SSD,NVIDIA GeForce RTX 4070,16.0,Windows 11 OS,1,5184000.0,512.0,32.0,21,75,12,8,1
Lenovo,V15 ‎82C70005UK Laptop,35990,61.0,5th Gen AMD Ryzen 5 5500U,"Hexa Core, 12 Threads",DDR4,SSD,AMD Radeon Graphics,15.6,Windows 11 OS,1,2073600.0,512.0,8.0,14,104,12,2,1
HP,15s-fq2717TU Laptop,37990,60.0,11th Gen Intel Core i3 1115G4,"Dual Core, 4 Threads",DDR4,SSD,Intel UHD Graphics,15.6,Windows 11 OS,1,2073600.0,512.0,8.0,9,15,12,2,1
HP,14s-dq2649TU Laptop,34999,60.0,11th Gen Intel Core i3 1115G4,"Dual Core, 4 Threads",DDR4,SSD,Intel Integrated UHD,14.0,Windows 11 OS,1,2073600.0,512.0,8.0,9,15,12,2,1
Apple,MacBook Pro 14 inch Laptop,290990,61.0,Apple M2 Max M2 Max,12 Cores,Unified,SSD,30-core GPU,14.2,Mac OS,1,5939136.0,1024.0,32.0,2,166,7,11,1
Apple,MacBook Pro 14 inch Laptop,234990,69.32352941176471,Apple M2 Pro M2 Pro,12 Cores,Unified,SSD,19-core GPU,14.2,Mac OS,1,5939136.0,1024.0,16.0,2,167,7,11,1
HP,Pavilion Plus 14-eh0037TU Laptop,82799,70.0,12th Gen Intel Core i5 12500H,"12 Cores (4P + 8E), 16 Threads",DDR4,SSD,Intel Integrated Iris Xe,14.0,Windows 11 OS,1,5184000.0,512.0,16.0,9,42,12,2,1
Dell,Vostro 3425 D552308WIN9B Laptop,31790,60.0,5th Gen AMD Ryzen 3  5425U,"Quad Core, 8 Threads",DDR4,SSD,AMD Radeon AMD,14.0,Windows 11 OS,1,2073600.0,256.0,8.0,6,93,12,2,1
Lenovo,IdeaPad Gaming 3 15ACH6 82K2022XIN Laptop,60990,67.0,5th Gen AMD Ryzen 7  5800H,"Octa Core, 16 Threads",DDR4,SSD,4GB NVIDIA GeForce RTX 3050,15.6,Windows 11 OS,1,2073600.0,512.0,8.0,14,111,12,2,1
MSI,Thin GF63 12VF-268IN Laptop,86990,77.0,12th Gen Intel Core i5 12450H,"Octa Core (4P + 4E), 12 Threads",DDR4,Hard-Disk,8GB NVIDIA GeForce RTX 4060,15.6,Windows 11 OS,1,2073600.0,1024.0,16.0,15,40,12,2,0
Dell,Vostro 3420 Laptop,52990,63.0,11th Gen Intel Core i5 1135G7,"Quad Core, 8 Threads",DDR4,SSD,Intel Graphics,14.0,Windows 11 OS,1,2073600.0,512.0,16.0,6,23,12,2,1
Dell,Vostro 3425 Laptop,38990,69.32352941176471,5th Gen AMD Ryzen 5 5500U,"Hexa Core, 12 Threads",DDR4,SSD,AMD Radeon Graphics,14.0,Windows 11 OS,1,2073600.0,512.0,8.0,6,104,12,2,1
Asus,Vivobook Go 15 OLED 2023 E1504FA-LK545WS Laptop,52558,60.0,7th Gen AMD Ryzen 5 7520U,"Quad Core, 8 Threads",LPDDR5,SSD,AMD Radeon AMD,15.6,Windows 11 OS,1,2073600.0,512.0,16.0,3,129,12,8,1
Asus,VivoBook 14 X1400EA-EK322WS Notebook,31990,69.32352941176471,11th Gen Intel Core i3 1115G4,"Dual Core, 4 Threads",DDR4,SSD,Intel Integrated Intel UHD,14.0,Windows 11 OS,1,2073600.0,512.0,8.0,3,15,12,2,1
HP,15-fc0026AU Laptop,34499,69.32352941176471,7th Gen AMD Ryzen 3 7320U,"Quad Core, 8 Threads",LPDDR5,SSD,AMD Radeon AMD,15.6,Windows 11 OS,1,2073600.0,512.0,8.0,9,126,12,8,1
Asus,Zenbook 14 OLED 2023 UX3402VA-KN541WS Laptop,94490,75.0,13th Gen Intel Core i5 1340P,"12 Cores (4P + 8E), 16 Threads",LPDDR5,SSD,Intel Iris Xe Graphics,14.0,Windows 11 OS,1,5184000.0,512.0,16.0,3,59,12,8,1
HP,15s-fq2738TU Laptop,33800,69.32352941176471,11th Gen Intel Core i3 1115G4 ,"Dual Core, 4 Threads",DDR4,SSD,Intel Integrated UHD Graphics,15.6,Windows 11 OS,1,1049088.0,512.0,8.0,9,16,12,2,1
Samsung,Galaxy Book 3  NP750XFG-KB2IN Laptop,74390,69.32352941176471,13th Gen Intel Core i5 1335U,"10 Cores (2P + 8E), 12 Threads",LPDDR4x,SSD,Intel Iris Xe Graphics,15.6,Windows 11 OS,1,2073600.0,512.0,16.0,21,58,12,7,1
Asus,Zenbook 14 Flip OLED 2023 UP3404VA-KN542WS Laptop,104490,71.0,13th Gen Intel Core i5 1340P,"12 Cores (4P + 8E), 16 Threads",LPDDR5,SSD, Intel Iris Xe Graphics,14.0,Windows 11 OS,1,5184000.0,512.0,16.0,3,59,12,8,1
Asus,Vivobook S15 OLED 2023 S5504VA-MA953WS Laptop,105739,71.0,13th Gen Intel Core i9 13900H,"14 Cores (6P + 8E), 20 Threads",LPDDR5,SSD,Intel Integrated Iris Xe,15.6,Windows 11 OS,1,4665600.0,1024.0,16.0,3,75,12,8,1
Lenovo,Thinkpad E15 21E6S05A00 Laptop,45500,66.0,12th Gen Intel Core i3 1215U,"Hexa Core (2P + 4E), 8 Threads",DDR4,SSD,Intel UHD Graphics,15.6,Windows 11 OS,1,2073600.0,512.0,8.0,14,34,12,2,1
Asus,Vivobook Go 15 OLED 2023 E1504FA-LK541WS Laptop,50760,69.32352941176471,7th Gen AMD Ryzen 5 7520U,"Quad Core, 8 Threads",LPDDR5,SSD,AMD Radeon AMD,15.6,Windows 11 OS,1,2073600.0,512.0,16.0,3,129,12,8,1
Asus,Vivobook Go 14 2023 E1404FA-NK542WS Laptop,49990,69.32352941176471,7th Gen AMD Ryzen 5 7520U,"Quad Core, 8 Threads",LPDDR5,SSD,AMD Radeon AMD,14.0,Windows 11 OS,1,2073600.0,512.0,16.0,3,129,12,8,1
Asus,Vivobook Go 14 2023 E1404FA-NK322WS Laptop,33199,69.32352941176471,7th Gen AMD Ryzen 3 7320U,"Quad Core, 8 Threads",LPDDR5,SSD,AMD Radeon AMD,14.0,Windows 11 OS,1,2073600.0,512.0,8.0,3,126,12,8,1
Asus,Vivobook Pro 15 M6500QC-HN742WS Laptop,70990,72.0,5th Gen AMD Ryzen 7 5800H,"Octa Core, 16 Threads",DDR4,SSD,4GB NVIDIA GeForce RTX 3050,15.6,Windows 11 OS,1,2073600.0,512.0,16.0,3,114,12,2,1
Acer,Nitro 5 AN515-47 NH.QL3SI.001 Gaming Laptop,64990,71.0,7th Gen AMD Ryzen 5 7535HS,"Hexa Core, 12 Threads",DDR5,SSD,4GB NVIDIA GeForce RTX 3050,15.6,Windows 11 OS,1,2073600.0,512.0,8.0,1,132,12,4,1
Asus,Vivobook 16 2023 M1605YA-MB541WS Laptop,59990,64.0,7th Gen AMD Ryzen 5 7530U,"Hexa Core, 12 Threads",DDR4,SSD,AMD Radeon AMD,16.0,Windows 11 OS,1,2304000.0,512.0,16.0,3,131,12,2,1
Asus,Zenbook 14 OLED 2023 UM3402YA-KM741WS Laptop,88990,70.0,7th Gen AMD Ryzen 7 7730U,"Octa Core, 16 Threads",LPDDR4X,SSD,AMD Radeon AMD,14.0,Windows 11 OS,1,5184000.0,512.0,16.0,3,135,12,6,1
Asus,Vivobook Go 15 2023 E1504FA-NJ522WS Laptop,44990,69.32352941176471,7th Gen AMD Ryzen 5 7520U,"Quad Core, 8 Threads",LPDDR5,SSD,AMD Radeon AMD,15.6,Windows 11 OS,1,2073600.0,512.0,8.0,3,129,12,8,1
HP,Pavilion Aero 13-be2047AU Laptop,77990,69.0,7th Gen AMD Ryzen 7 7735U,"Octa Core, 16 Threads",LPDDR5,SSD,AMD Radeon AMD,13.3,Windows 11 OS,1,2304000.0,1024.0,16.0,9,137,12,8,1
Asus,Vivobook 16 2023 M1605YA-MB741WS Laptop,70990,65.0,7th Gen AMD Ryzen 7 7730U,"Octa Core, 16 Threads",DDR4,SSD,AMD Radeon AMD,16.0,Windows 11 OS,1,2304000.0,512.0,16.0,3,135,12,2,1
Lenovo,IdeaPad  82K2022TIN Gaming Laptop,55990,70.0,5th Gen AMD Ryzen 5 5600H,"Hexa Core, 12 Threads",DDR4,SSD,4GB NVIDIA GeForce GTX 1650,15.6,Windows 11 OS,1,2073600.0,512.0,8.0,14,105,12,2,1
Tecno,Megabook T1 Laptop,43999,66.0,11th Gen Intel Core i5 1155G7,"Quad Core, 8 Threads",LPDDR4,SSD,Intel UHD Graphics,15.6,Windows 11 OS,1,2073600.0,512.0,16.0,22,27,12,5,1
Acer,Aspire 3 A315-24P NX.KDESI.004 Laptop,37990,69.32352941176471,7th Gen AMD Ryzen 5 7520U,"Quad Core, 8 Threads",LPDDR5,SSD,AMD Radeon Graphiics,15.6,Windows 11 OS,1,2073600.0,512.0,8.0,1,129,12,8,1
HP,Victus 15-fb0106AX Gaming Laptop,64990,67.0,5th Gen AMD Ryzen 5 5600H,"Hexa Core, 12 Threads",DDR4,SSD,4GB NVIDIA GeForce RTX 3050,15.6,Windows 11 OS,1,2073600.0,512.0,16.0,9,105,12,2,1
Lenovo,IdeaPad Slim 1 82VG009MIN Laptop,32990,69.32352941176471,AMD Ryzen 3 7320U,"Quad Core, 8 Threads",LPDDR5,SSD,AMD Radeon Graphics,15.6,Windows 11 OS,1,2073600.0,512.0,8.0,14,159,12,8,1
Samsung,Galaxy Book 3 Pro 360 NP960QFG-KA3IN Laptop,179490,81.0,13th Gen Intel Core i7 1360P,"12 Cores (4P + 8E), 16 Threads",DDR5,SSD,Intel Iris Xe Graphics,16.0,Windows 11 OS,1,5184000.0,1024.0,16.0,21,68,12,4,1
Infinix,Zero Book Series ZL12 Laptop,56990,60.0,12th Gen Intel Core i5 12500H,"12 Cores (4P + 8E), 16 Threads",LPDDR5,SSD,Intel Integrated Iris Xe,15.6,Windows OS,1,2073600.0,512.0,16.0,12,42,13,8,1
HP,Victus 16-d0310TX Gaming Laptop,56990,71.0,11th Gen Intel Core i5 11400H ,"Hexa Core, 12 Threads",DDR4,SSD,4GB NVIDIA GeForce GTX 1650,16.1,Windows 11 OS,1,2073600.0,512.0,8.0,9,26,12,2,1
Asus,VivoBook 15 X1500EA-EJ3381WS Laptop,34990,69.32352941176471,11th Gen intel Core i3 1115G4,"Dual Core, 4 Threads",DDR4,SSD,Intel UHD Graphics,15.6,Windows 11 OS,1,2073600.0,512.0,8.0,3,33,12,2,1
HP,Pavilion Plus 14-eh0037TU Laptop,83249,70.0,12th Gen Intel Core i5 12500H,"12 Cores (4P + 8E), 16 Threads",DDR4,SSD,Intel Integrated Iris Xe,14.0,Windows 11 OS,1,5184000.0,512.0,16.0,9,42,12,2,1
Dell,Vostro 3420 Laptop,57990,60.0,12th Gen Intel Core i5 1235U,"10 Cores (2P + 8E), 12 Threads",DDR4,SSD,Intel UHD Graphics,14.0,Windows 11 OS,1,2073600.0,512.0,16.0,6,37,12,2,1
HP,Envy x360 13-bf0121TU  Laptop,85490,71.0,12th Gen Intel Core i5 1230U,"10 Cores, 12 Threads",LPDDR4X,SSD,Intel Integrated Iris Xe,13.4,Windows 11 OS,1,2304000.0,512.0,16.0,9,36,12,6,1
Dell,Vostro 3520 Laptop,55890,69.32352941176471,12th Gen Intel Core i5 1235U,"10 Cores (2P + 8E), 12 Threads",DDR4,SSD,Intel Iris Xe Graphics,15.6,Windows 11 OS,1,2073600.0,512.0,8.0,6,37,12,2,1
Asus,Vivobook 15 X1502ZA-EJ381WS Laptop,40689,69.32352941176471,12th Gen Intel Core i3 1220P,"10 Cores (2P + 8E), 12 Threads",DDR4,SSD,Intel UHD Graphics,15.6,Windows 11 OS,1,2073600.0,512.0,8.0,3,35,12,2,1
Acer,Aspire 5 A515-57 2022 Laptop,48990,65.0,12th Gen Intel Core i5 1235U,"10 Cores (2P + 8E), 12 Threads",DDR4,SSD,Intel Iris Xe Graphic,15.6,Windows 11 OS,1,2073600.0,512.0,16.0,1,37,12,2,1
HP,Pavilion 14-dv2014TU Laptop,66648,64.0,12th Gen Intel Core i5 1235U,"10 Cores (2P + 8E), 12 Threads",DDR4,SSD,Intel Integrated UHD Graphics,14.0,Windows 11 OS,1,2073600.0,512.0,16.0,9,37,12,2,1
Acer,Aspire 5 A515-57 NX.K2VSI.002 Laptop,36990,69.32352941176471,12th Gen Intel Core i3 1215U,"Hexa Core (2P + 4E), 8 Threads",DDR4,SSD,Intel Integrated UHD,15.6,Windows 11 OS,1,2073600.0,512.0,8.0,1,34,12,2,1
Gigabyte,G5 KE RC55KE Laptop,74990,73.0,12th Gen Intel Core i5 12500H,"12 Cores (4P + 8E), 16 Threads",DDR4,SSD,6GB NVIDIA GeForce RTX 3060,15.6,Windows 11 OS,2,2073600.0,512.0,16.0,8,42,12,2,1
Lenovo,Legion 5 Pro 82RF00E1IN Gaming Laptop,144990,69.32352941176471,12th Gen Intel Core i7 12700H,"14 Cores (6P + 8E), 20 Threads",DDR5,SSD,8GB NVIDIA GeForce RTX 3070Ti,16.0,Windows 11 OS,1,4096000.0,1024.0,32.0,14,51,12,4,1
Dell,Latitude 7420 Laptop,118499,69.32352941176471,11th Gen Intel Core i7 1185G7,"Quad Core, 8 Threads",DDR4,SSD,Intel Iris Xe Graphics,14.0,Windows 10 OS,3,2073600.0,512.0,16.0,6,31,10,2,1
Lenovo,V15 82KDA00XIH Laptop,35490,69.32352941176471,5th Gen AMD Ryzen 5 5500U,"Hexa Core, 12 Threads",DDR4,SSD,AMD Radeon Graphics,15.6,Windows 11 OS,1,2073600.0,512.0,8.0,14,104,12,2,1
Lenovo,IdeaPad Flex 5 82R90068IN Laptop,62889,74.0,5th Gen AMD Ryzen 7 5700U,"Octa Core, 16 Threads",DDR4,SSD,AMD Radeon,14.0,Windows 11 OS,1,2304000.0,512.0,16.0,14,113,12,2,1
Lenovo,IdeaPad Gaming 3 82K201YAIN Laptop,63999,67.0,5th Gen AMD Ryzen 5  5600H,"Hexa Core, 12 Threads",DDR4,SSD,4GB NVIDIA GeForce GTX 1650,15.6,Windows 11 OS,1,2073600.0,512.0,8.0,14,100,12,2,1
Honor,MagicBook 14 WDQ9BHNE Laptop,41990,69.32352941176471,5th Gen AMD Ryzen 5  5500U,"Hexa Core, 12 Threads",DDR4,SSD,AMD Radeon,14.0,Windows 11 OS,1,2073600.0,512.0,8.0,10,97,12,2,1
Asus,VivoBook 14 2022 X1402ZA-MW311WS Laptop,49990,62.0,12th Gen Intel Core i3 1220P,"10 Cores (2P + 8E), 12 Threads",DDR4,SSD,Intel Integrated UHD,14.0,Windows 11 OS,1,2073600.0,512.0,8.0,3,35,12,2,1
Asus,VivoBook 14 2022 X1402ZA-EK521WS Laptop,54990,62.0,12th Gen Intel Core i5 1235U,"10 Cores (2P + 8E), 12 Threads",DDR4,SSD,Intel Integrated UHD,14.0,Windows 11 OS,1,2073600.0,512.0,8.0,3,37,12,2,1
Lenovo,IdeaPad Gaming 3 82SA00B2IN Laptop,119990,75.0,12th Gen Intel Core i7 12700H,"14 Cores (6P + 8E), 20 Threads",DDR4,SSD,6GB NVIDIA GeForce RTX 3060,16.0,Windows 11 OS,1,2304000.0,512.0,16.0,14,51,12,2,1
MSI,Creator M16 A12UD-633IN Laptop,85990,78.0,12th Gen Intel Core i7 12700H,"14 Cores (6P + 8E), 20 Threads",DDR4,SSD,4GB NVIDIA GeForce RTX 3050 Ti,16.0,Windows 11 OS,2,4249600.0,512.0,16.0,15,51,12,2,1
MSI,Creator Pro M16 A12UIS-634IN Gaming Laptop,85590,79.0,12th Gen Intel Core i7 12700H,"14 Cores (6P + 8E), 20 Threads",DDR4,SSD,4GB NVIDIA GeForce RTX A1000,16.0,Windows 11 OS,2,4249600.0,1024.0,16.0,15,51,12,2,1
Lenovo,V15 82KDA01EIH Laptop,31990,61.0,5th Gen AMD Ryzen 3 5300U,"Quad Core, 8 Threads",DDR4,SSD,AMD Radeon Graphics,15.6,Windows 11 OS,1,2073600.0,512.0,8.0,14,94,12,2,1
Asus,Vivobook S14 Flip 2022 TN3402QA-LZ501WS Laptop,55800,69.32352941176471,5th Gen AMD Ryzen 5  5600H,"Hexa Core, 12 Threads",DDR4,SSD,AMD Radeon Graphics,14.0,Windows 11 OS,1,2304000.0,512.0,16.0,3,100,12,2,1
Xiaomi,Notebook Pro 120G Laptop,72422,68.0,12th Gen Intel Core i5 12450H ,"Octa Core, 12 Threads",LPDDR5,SSD,Intel UHD Graphics,14.0,Windows 11 OS,1,4096000.0,512.0,16.0,27,41,12,8,1
Acer,Extensa 15 EX215-54 Laptop,31500,69.32352941176471,11th Gen Intel Core i3 1115G4,"Dual Core, 4 Threads",DDR4,SSD,Intel Integrated UHD,15.6,Windows 11 OS,1,2073600.0,512.0,8.0,1,15,12,2,1
Asus,VivoBook 14 X415EA-EK322WS Notebook,37990,69.32352941176471,11th Gen Intel Core i3 1115G4,"Dual Core, 4 Threads",DDR4,SSD,Intel Integrated Intel UHD,14.0,Windows 11 OS,1,2073600.0,512.0,8.0,3,15,12,2,1
HP,Victus 15-fb0050AX Gaming Laptop,63490,71.0,5th Gen AMD Ryzen 5  5600H ,"Hexa Core, 12 Threads",DDR4,SSD,4GB NVIDIA GeForce RTX 3050,15.6,Windows 11 OS,1,2073600.0,512.0,8.0,9,101,12,2,1
Lenovo,IdeaPad Slim 5 82SF008YIN Laptop,60990,66.0,12th Gen Intel Core i5 1235U,"10 Cores (2P + 8E), 12 Threads",DDR4,SSD,Intel Iris Xe Graphics,15.6,Windows 11 OS,1,2073600.0,512.0,16.0,14,37,12,2,1
Lenovo,IdeaPad Slim 3 82KU017EIN Laptop,39900,64.0,5th Gen AMD Ryzen 5  5500U,"Hexa Core, 12 Threads",DDR4,SSD,AMD Radeon,15.6,Windows 11 OS,1,2073600.0,512.0,8.0,14,97,12,2,1
Asus,VivoBook 15 X1500EA-EJ322WS Laptop,33990,69.32352941176471,11th Gen intel Core i3 1115G4,"Dual Core, 4 Threads",DDR4,SSD,Intel UHD Graphics,15.6,Windows 11 OS,1,2073600.0,512.0,8.0,3,33,12,2,1
HP,Pavilion 15s-fq5112TU Laptop,57580,69.32352941176471,12th Gen Intel Core i5 1235U,"10 Cores (2P + 8E), 12 Threads",DDR4,SSD,Intel Iris Xe Graphics,15.6,Windows 11 OS,1,2073600.0,512.0,16.0,9,37,12,2,1
Asus,ROG Zephyrus Duo 16 2022 GX650RXZ-LO227WS Gaming Laptop,339990,85.0,6th Gen AMD Ryzen 9  6900HX,"Octa Core, 16 Threads",DDR5,SSD,16GB NVIDIA GeForce RTX 3080 Ti,16.0,Windows 11 OS,1,4096000.0,2048.0,32.0,3,125,12,4,1
HP,15s-fq2672TU Laptop,34999,60.0,11th Gen Intel Core i3 1115G4,"Dual Core, 4 Threads",DDR4,SSD,Intel Integrated UHD,15.6,Windows 11 OS,1,2073600.0,512.0,8.0,9,15,12,2,1
HP,15s-fq5111TU Laptop,54990,61.0,12th Gen Intel Core i5 1235U,"10 Cores (2P + 8E), 12 Threads",DDR4,SSD,Intel Iris Xe,15.6,Windows 11 OS,1,2073600.0,512.0,8.0,9,37,12,2,1
HP,15s-dr3506TU Laptop,35999,60.0,11th Gen Intel Core i3 1115G4,"Dual Core, 4 Threads",DDR4,Hard-Disk,Intel UHD Graphics,15.6,Windows 11 OS,1,2073600.0,1024.0,8.0,9,15,12,2,0
HP,15s-du3614TU Laptop,41710,65.0,11th Gen Intel Core i3 1115G4,"Dual Core, 4 Threads",DDR4,Hard-Disk,Intel Integrated UHD,15.6,Windows 11 OS,1,2073600.0,1024.0,8.0,9,15,12,2,0
Dell,Vostro 5625 laptop,50090,67.0,5th Gen AMD Ryzen 5 5625U,"Hexa Core, 12 Threads",DDR4,SSD,AMD Radeon Graphics,16.0,Windows 11 OS,1,2304000.0,512.0,8.0,6,107,12,2,1
HP,Pavilion 14s- fy1003AU Laptop,45890,69.32352941176471,5th Gen AMD Ryzen 5  5500U ,"Hexa Core, 12 Threads",DDR4,SSD,AMD Radeon Graphics,14.0,Windows 11 OS,1,2073600.0,512.0,16.0,9,98,12,2,1
HP,15s-eq1559AU Laptop,29990,69.32352941176471,3rd Gen AMD Athlon Silver 3050U,"Dual Core, 2 Threads",DDR4,SSD,AMD Radeon Graphics,15.6,Windows 11 OS,1,1049088.0,512.0,8.0,9,84,12,2,1
HP,15s-FR2511TU Laptop,37672,69.32352941176471,11th Gen Intel Core i3 1115G4,"Dual Core, 4 Threads",DDR4,SSD,Intel UHD Graphics,15.6,Windows 11 OS,1,2073600.0,512.0,8.0,9,15,12,2,1
Dell,G15-5525 Gaming Laptop,83523,77.0,6th Gen AMD Ryzen 7  6800H,"Octa Core, 16 Threads",DDR5,SSD,4GB NVIDIA GeForce RTX 3050,15.6,Windows 11 OS,1,2073600.0,512.0,16.0,6,120,12,4,1
Acer,Aspire 5 A515-57G Gaming Laptop,52128,66.0,12th Gen Intel Core i5 1240P,"12 Cores (4P + 8E), 16 Threads",DDR4,SSD,4GB NVIDIA GeForce RTX 2050,15.6,Windows 11 OS,1,2073600.0,512.0,8.0,1,39,12,2,1
Acer,Aspire 3 A315-59 Laptop,39990,69.32352941176471,12th Gen Intel Core i5 1235U,"10 Cores (2P + 8E), 12 Threads",DDR4,SSD,Intel Iris Xe Graphics ,15.6,Windows 11 OS,1,2073600.0,512.0,8.0,1,37,12,2,1
Dell,Inspiron 3525 Laptop,54790,66.0,5th Gen AMD Ryzen 7  5825U,"Octa Core, 16 Threads",DDR4,SSD,AMD Radeon Radeon Graphics,15.6,Windows 11 OS,1,2073600.0,512.0,8.0,6,112,12,2,1
Acer,Predator Triton 500 SE PT516-52s NH.QFQSI.001 Laptop,147090,86.0,12th Gen Intel Core i7 12700H,"14 Cores (6P + 8E), 20 Threads",LPDDR5,SSD,8GB NVIDIA GeForce RTX 3070 Ti,16.0,Windows 11 OS,1,4096000.0,2048.0,32.0,1,51,12,8,1
HP,Pavilion 14-dv2041TU Laptop,67990,61.0,12th Gen Intel Core i5 1235U,"10 Cores (2P + 8E), 12 Threads",DDR4,SSD,Intel Iris Xe Graphics,14.0,Windows 11 OS,1,2073600.0,512.0,16.0,9,37,12,2,1
MSI,Thin GF63 11SC-853IN Gaming Laptop,49290,70.0,11th Gen Intel Core i5 11400H,"Hexa Core, 12 Threads",DDR4,SSD,4GB NVIDIA Geforce GTX1650 Max Q,15.6,Windows 10 OS,2,2073600.0,512.0,8.0,15,25,10,2,1
Asus,TUF Gaming F15 FX506LHB-HN355WS Gaming Laptop,51990,62.0,10th Gen Intel Core i5 10300H,"Quad Core, 8 Threads",DDR4,SSD,4GB NVIDIA GeForce GTX 1650,15.6,Windows 11  OS,1,2073600.0,512.0,8.0,3,5,11,2,1
HP,Pavilion 14-dv2015TU Laptop,83149,64.0,12th Gen Intel Core i7 1255U,"10 Cores (2P + 8E), 12 Threads",DDR4,SSD,Intel Iris Xe Graphics,14.0,Windows 11 OS,1,2073600.0,1024.0,16.0,9,45,12,2,1
HP,Pavilion 15s-FQ5009TU Laptop,54999,69.32352941176471,12th Gen Intel Core i5 1235U,"10 Cores (2P + 8E), 12 Threads",DDR4,SSD,Intel Iris Xe,15.6,Windows 11 OS,1,2073600.0,512.0,8.0,9,37,12,2,1
Samsung,Galaxy Book2 15 Laptop,74990,65.0,12th Gen Intel Core i7 1255U,"10 Cores (2P + 8E), 12 Threads",LPDDR4,SSD,Intel Iris Xe Graphics,15.6,Windows 11 OS,1,2073600.0,512.0,16.0,21,45,12,5,1
Lenovo,IdeaPad Gaming 3 82K200X3IN Laptop,66990,67.0,5th Gen AMD Ryzen 7  5800H,"Octa Core, 16 Threads",DDR4,SSD,4GB NVIDIA GeForce RTX 3050,15.6,Windows 11 OS,1,2073600.0,512.0,16.0,14,111,12,2,1
HP,Pavilion 15-eg2009TU Laptop,61990,62.0,12th Gen Intel Core i5 1240P,"12 Cores (4P + 8E), 16 Threads",DDR4,SSD,Intel Iris Xe,15.6,Windows 11 OS,1,2073600.0,512.0,8.0,9,39,12,2,1
HP,Pavilion 14-ec1003AU Laptop,51573,69.32352941176471,5th Gen AMD Ryzen 5 5625U ,"Hexa Core, 12 Threads",DDR4,SSD,AMD Radeon Graphics,14.0,Windows 11 OS,1,2073600.0,512.0,8.0,9,108,12,2,1
Acer,Aspire 3 A315-58 Laptop UN.ADDSI.036 Laptop,31500,69.32352941176471,11th Gen Intel Core i3 1115G4,"Dual Core, 4 Threads",DDR4,SSD,Intel Integrated UHD,15.6,Windows OS,1,2073600.0,256.0,8.0,1,15,13,2,1
Acer,Extensa EX215-54 NX.EGJSI.00E Laptop,29000,69.32352941176471,11th Gen Intel Core i3 1115G4,"Dual Core, 4 Threads",DDR4,SSD,Intel Integrated UHD,15.6,Windows 11 OS,1,2073600.0,256.0,4.0,1,15,12,2,1
HP,15s-eq2143au Laptop,32990,69.32352941176471,5th Gen AMD Ryzen 3  5300U,"Quad Core, 8 Threads",DDR4,SSD,AMD Radeon AMD,15.6,Windows OS,1,2073600.0,512.0,8.0,9,92,13,2,1
Lenovo,Ideapad 15ALC6 82KU017KIN Laptop,36990,69.32352941176471,5th Gen AMD Ryzen 5  5500U,"Hexa Core, 12 Threads",DDR4,SSD,AMD Radeon,15.6,Windows 11 OS,1,2073600.0,512.0,8.0,14,97,12,2,1
Apple,MacBook Pro 14 inch MKGQ3HN Laptop,239900,69.32352941176471,Apple M1 Pro M1 Pro,10 Cores (8P + 2E),Unified,SSD,16-core GPU,14.2,Mac OS,1,5939136.0,1024.0,16.0,2,163,7,11,1
Apple,MacBook Pro 16 inch MK1A3HN Laptop,309490,60.0,Apple M1 Max M1 Max,10 Cores,Unified,SSD,32-core GPU,16.2,Mac OS,1,7720704.0,1024.0,32.0,2,162,7,11,1
Dell,Inspiron 3511 Laptop,49990,69.32352941176471,11th Gen Intel Core i5 1135G7,"Quad Core, 8 Threads",DDR4,SSD,Intel Iris Xe Graphics,15.6,Windows 10  OS,1,2073600.0,512.0,8.0,6,23,9,2,1
Dell,Inspiron 3511 Laptop,40250,69.32352941176471,11th Gen Intel Core i3 1115G4,"Dual Core, 4 Threads",DDR4,Hard-Disk,Intel Integrated,15.6,Windows 10 OS,1,2073600.0,1024.0,8.0,6,15,10,2,0
Asus,VivoBook F571LH-BQ435T Gaming Laptop,59990,72.0,10th Gen Intel Core i7 10870H,"Octa Core, 16 Threads",DDR4,SSD,4GB NVIDIA GeForce GTX 1650,15.6,Windows 10 OS,1,2073600.0,512.0,16.0,3,12,10,2,1
Dell,Inspiron 3511 Laptop,57990,65.0,11th Gen Intel Core i5 1135G7,"Quad Core, 8 Threads",DDR4,Hard-Disk,2GB NVIDIA GeForce MX350,15.6,Windows 10 OS,1,2073600.0,1024.0,8.0,6,23,10,2,0
Realme,Book Slim Laptop,36999,69.32352941176471,11th Gen Intel Core i3 1115G4 ,"Dual Core, 4 Threads",LPDDR4x,SSD,Intel UHD Graphics,14.0,Windows 10 OS,1,3110400.0,256.0,8.0,20,16,10,7,1
Xiaomi,RedmiBook Pro 15 Laptop,53990,67.0,5th Gen AMD Ryzen 5  5600H ,"Hexa Core, 12 Threads",DDR4,SSD,AMD Radeon Graphics,15.6,Windows 10  OS,1,6400000.0,512.0,16.0,27,101,9,2,1
Xiaomi,RedmiBook Pro 14 Laptop,48990,62.0,5th Gen AMD Ryzen 5  5500U ,"Hexa Core, 12 Threads",DDR4,SSD,AMD Radeon Graphics,14.0,Windows 10  OS,1,4096000.0,512.0,16.0,27,98,9,2,1
Vaio,SE14 NP14V3IN033P Laptop,39990,69.32352941176471,11th Gen Intel Core i5 1135G7,"Quad Core, 8 Threads",DDR4,SSD,Intel Iris Xe Graphics,14.0,Windows 10 OS,2,2073600.0,512.0,8.0,24,23,10,2,1
HP,15s-GR0012AU Laptop,37290,61.0,3rd Gen AMD Ryzen 3  3250U,"Dual Core, 4 Threads",DDR4,Hard-Disk,AMD Radeon Vega 6,15.6,Windows 10 OS,1,2073600.0,1024.0,8.0,9,85,10,2,0
Microsoft,Surface Laptop 3 1873,60390,69.32352941176471,3rd Gen AMD Ryzen 5  3580U,"Quad Core, 8 Threads",DDR4,SSD,AMD Radeon Vega 9,15.0,Windows 10 OS,1,4153344.0,128.0,8.0,16,87,10,2,1
Huawei,MateBook D15 Laptop,54999,65.0,3rd Gen AMD Ryzen 5 3500U ,"Quad Core, 8 Threads",DDR4,SSD,2GB NVIDIA GeForce MX250,15.6,Windows 10 OS,1,2073600.0,256.0,8.0,11,89,10,2,1
HP,EliteBook 840 G6,90464,69.32352941176471,8th Gen Intel Core i5 8265U,"Quad Core, 8 Threads",DDR4,SSD,Integrated UHD Graphics 620,14.0,Windows 10 OS,3,2073600.0,512.0,8.0,9,151,10,2,1
Acer,Swift SF514-52T NX.GTMSI.025 Laptop,54490,61.0,8th Gen Intel Core i5 8250U,"Quad Core, 8 Threads",DDR3,SSD,Intel Integrated UHD 620,14.0,Windows 10 OS,1,2073600.0,512.0,8.0,1,150,10,1,1
Apple,MacBook Pro 2018 13-inch Touch Bar Laptop,199900,69.32352941176471,Intel,Quad Core,DDR3,SSD,Intel Iris Plus Graphics 655,13.3,Mac High Sierra OS,1,4096000.0,512.0,8.0,2,168,6,1,1
Dell,Latitude 13 5320 2 in 1 Laptop,89999,62.0,11th Gen Intel Core i5 1135G7,"Quad Core, 8 Threads",DDR4,SSD,Intel UHD Graphics,13.3,Windows 10  OS,1,2073600.0,256.0,8.0,6,23,9,2,1
Dell,Latitude 9430 Laptop,260000,62.0,12th Gen Intel Core i7 1265U,"10 Cores (2P + 8E), 12 Threads",LPDDR5,SSD,Intel Iris Xe Graphics,14.1,Windows OS,1,4096000.0,1024.0,32.0,6,50,13,8,1
Acer,Aspire Lite 15 AL15-51 2023  Laptop,45999,64.0,11th Gen Intel Core i5 1155G7,"Quad Core, 8 Threads",DDR4,SSD,Intel Iris Xe Graphics,15.6,Windows 11 OS,1,2073600.0,1024.0,16.0,1,27,12,2,1
Lenovo,Thinkpad P16s 21BTS0DG00 Laptop,106990,69.0,12th Gen Intel Core i7 1260P,"12 Cores (4P + 8E), 16 Threads",DDR4,SSD,Intel UHD Graphics,16.0,Windows 11 OS,3,2304000.0,1024.0,16.0,14,46,12,2,1
Lenovo,ThinkPad X1 Carbon 21HMS00000 Laptop,221990,64.0,13th Gen Intel Core i7 1355U,"10 Cores (2P + 8E), 12 Threads",LPDDR5,SSD,Intel Iris Xe Graphics,14.0,Windows 11 OS,1,2304000.0,1024.0,16.0,14,66,12,8,1
Acer,Predator Triton 500 SE PT516-52s NH.QFQSI.001 Laptop,146990,86.0,12th Gen Intel Core i7 12700H,"14 Cores (6P + 8E), 20 Threads",LPDDR5,SSD,8GB NVIDIA GeForce RTX 3070 Ti,16.0,Windows 11 OS,1,4096000.0,2048.0,32.0,1,51,12,8,1
Asus,TUF Gaming F15 FX506LHB-HN355WS Gaming Laptop,52990,62.0,10th Gen Intel Core i5 10300H,"Quad Core, 8 Threads",DDR4,SSD,4GB NVIDIA GeForce GTX 1650,15.6,Windows 11  OS,1,2073600.0,512.0,8.0,3,5,11,2,1
Acer,Swift 3 SF314-512 NX.K0FSI.002 Laptop,59990,69.32352941176471,12th Gen Intel Core i5 1240P,"12 Cores (4P + 8E), 16 Threads",LPDDR4X,SSD,Intel Integrated Iris Xe,14.0,Windows 11 OS,1,3686400.0,512.0,8.0,1,39,12,6,1
Dell,Inspiron 15 3511 Laptop,52990,69.32352941176471,11th Gen Intel Core i5 1135G7,"Quad Core, 8 Threads",DDR4,SSD,Intel Integrated UHD Graphics,15.6,Windows 11  OS,1,2073600.0,512.0,8.0,6,23,11,2,1
Samsung,Galaxy Book2 15 Laptop,64490,69.32352941176471,12th Gen Intel Core i5 1235U,"10 Cores (2P + 8E), 12 Threads",LPDDR4X,SSD,Intel Integrated Iris Xe,15.6,Windows 11 OS,1,2073600.0,512.0,16.0,21,37,12,6,1
Samsung,Galaxy Book2 Laptop,78990,62.0,12th Gen Intel Core i5 1240P,"12 Cores (4P + 8E), 16 Threads",LPDDR4x,SSD,4GB Intel Arc A350M Graphics,15.6,Windows 11 OS,1,2073600.0,512.0,8.0,21,39,12,7,1
Samsung,Galaxy Book2 15 Laptop,59900,69.32352941176471,12th Gen Intel Core i5 1235U ,"10 Cores, 12 Threads",LPDDR4,SSD,Intel Iris Xe Graphics,15.6,Windows 11 OS,1,2073600.0,512.0,8.0,21,38,12,5,1
HP,Pavilion 14-EC1019AU Laptop,55990,69.32352941176471,5th Gen AMD Ryzen 5  5625U,"Hexa Core, 12 Threads",DDR4,SSD,AMD Radeon AMD,14.0,Windows 11 OS,1,2073600.0,512.0,16.0,9,102,12,2,1
Lenovo,V15-IGL 82C3A008IH Laptop,19990,69.32352941176471,Intel Celeron  N4020 ,"Dual Core, 2 Threads",DDR4,SSD,Intel Integrated UHD,15.6,DOS OS,1,2073600.0,256.0,4.0,14,172,3,2,1
Realme,Book Prime Laptop,47990,63.0,11th Gen Intel Core i5 11320H,"Quad Core, 8 Threads",LPDDR4X,SSD,Intel Iris Xe Graphics,14.0,Windows 11 OS,1,3110400.0,512.0,16.0,20,22,12,6,1
Samsung,Galaxy Book2 Pro 360 13 Laptop,112990,72.0,12th Gen Intel Core i7 1260P ,"Octa Core, 16 Threads",LPDDR5,SSD,Intel Iris Xe Graphics,13.3,Windows 11 OS,1,2073600.0,512.0,16.0,21,47,12,8,1
Samsung,Galaxy Book2 Pro 13 Laptop,101990,67.0,12th Gen Intel Core i7 1260P ,"Octa Core, 16 Threads",LPDDR5,SSD,Intel Iris Xe Graphics,13.3,Windows 11 OS,1,2073600.0,512.0,16.0,21,47,12,8,1
Samsung,Galaxy Book2 Pro 360 13 Laptop,102990,71.0,12th Gen Intel Core i5 1240P,"12 Cores (4P + 8E), 16 Threads",LPDDR5,SSD,Intel Iris Xe Graphics,13.3,Windows 11 OS,1,2073600.0,512.0,16.0,21,39,12,8,1
Asus,Vivobook 13 Slate OLED T3300KA-LQ122WS Laptop,33499,69.32352941176471,Intel Pentium Silver  N6000,"Quad Core, 4 Threads",LPDDR4X,Hard-Disk,Intel UHD Graphics,13.3,Windows 11 OS,1,2073600.0,128.0,4.0,3,180,12,6,0
HP,15s-eq2143au Laptop,33999,69.32352941176471,5th Gen AMD Ryzen 3  5300U,"Quad Core, 8 Threads",DDR4,SSD,AMD Radeon AMD,15.6,Windows OS,1,2073600.0,512.0,8.0,9,92,13,2,1
Apple,MacBook Pro 16 inch MK183HN Laptop,215994,69.32352941176471,Apple M1 Pro M1 Pro,10 Cores,Unified,SSD,16-core GPU,16.2,Mac OS,1,7720704.0,512.0,16.0,2,163,7,11,1
Apple,MacBook Pro 14 inch MKGQ3HN Laptop,215994,69.32352941176471,Apple M1 Pro M1 Pro,10 Cores (8P + 2E),Unified,SSD,16-core GPU,14.2,Mac OS,1,5939136.0,1024.0,16.0,2,163,7,11,1
Asus,VivoBook X509FA-BR301T Laptop,26500,69.32352941176471,10th Gen Intel Core i3 10110U ,"Dual Core, 4 Threads",DDR4,Hard-Disk,Intel UHD Graphics,15.6,Windows 10 OS,1,2073600.0,1024.0,4.0,3,2,10,2,0
Xiaomi,Mi Notebook Pro X 15 Laptop,79990,65.0,11th Gen Intel Core i5 11300H ,"Quad Core, 8 Threads",LPDDR4x,SSD,Intel Iris Xe Graphics,15.6,Windows 10  OS,1,7464960.0,512.0,16.0,27,21,9,7,1
Dell,Inspiron 5518 Laptop,68000,70.0,11th Gen Intel Core i5 11300H,"Quad Core, 8 Threads",DDR4,SSD,Intel Iris Xe Graphics,15.6,Windows 10 OS,1,2073600.0,512.0,16.0,6,20,10,2,1
Lenovo,IdeaPad 3 15ITL6 82H8014BIN Laptop,47925,60.0,11th Gen Intel Core i5 1135G7,"Quad Core, 8 Threads",DDR4,SSD,Intel Integrated Iris Xe,15.6,Windows 10 OS,1,2073600.0,512.0,8.0,14,23,10,2,1
Xiaomi,RedmiBook Pro 15 Laptop,59990,70.0,5th Gen AMD Ryzen 7 5800H ,"Octa Core, 16 Threads",DDR4,SSD,AMD Radeon Graphics,15.6,Windows 10  OS,1,6400000.0,512.0,16.0,27,115,9,2,1
Dell,Latitude 3410 Laptop,67800,69.32352941176471,10th Gen Intel Core i5 10210U ,"Quad Core, 8 Threads",DDR4,SSD,Intel HD,14.0,Ubuntu OS,1,1049088.0,512.0,8.0,6,4,8,2,1
Microsoft,Surface Laptop 3 1873,60490,69.32352941176471,3rd Gen AMD Ryzen 5  3580U,"Quad Core, 8 Threads",DDR4,SSD,AMD Radeon Vega 9,15.0,Windows 10 OS,1,4153344.0,128.0,8.0,16,87,10,2,1
Apple,MacBook Air 2020 Laptop,72999,69.32352941176471,10th Gen Intel Core i3,"Quad Core, 8 Threads",LPDDR4X,SSD,Intel Iris Plus,13.3,Mac 10.15.3	 OS,0,4096000.0,256.0,8.0,2,0,4,6,1
Apple,MacBook Air 2020 Laptop,109999,69.32352941176471,10th Gen Intel Core i7,"Quad Core, 8 Threads",LPDDR4X,SSD,Intel Iris Plus,13.3,Mac 10.15.3	 OS,0,4096000.0,512.0,8.0,2,9,4,6,1
Dell,Inspiron 5370 Laptop,87990,67.0,8th Gen Intel Core i7 8550U,"Quad Core, 8 Threads",DDR4,SSD,4GB Geforce MX130,13.3,Windows 10 OS,1,2073600.0,256.0,8.0,6,152,10,2,1
HP,ZBook 15 G6 Laptop,121900,69.0,9th Gen intel Core i7 9750H,"Hexa Core, 12 Threads",DDR4,SSD,Intel UHD Graphics 630,15.6,Windows 10 OS,0,8294400.0,512.0,16.0,9,155,10,2,1
Asus,ZenBook Pro 15 UX580GE-E2032T Laptop,136490,69.32352941176471,8th Gen Intel Core i9 8950HK,"Hexa Core, 12 Threads",DDR4,SSD,4GB NVIDIA Geforce GTX 1050Ti,15.6,Windows 10 OS,1,8294400.0,1024.0,16.0,3,153,10,2,1
Gigabyte,G5 MF-E2IN313SHLaptop,143700,77.0,12th Gen Intel Core i5 12500H,"12 Cores (4P + 8E), 16 Threads",DDR4,SSD,6GB NVIDIA GeForce RTX 4050,15.6,Windows 11 OS,2,2073600.0,512.0,8.0,8,42,12,2,1
HP,15s-er2004AU Laptop,50490,69.32352941176471,5th Gen AMD Ryzen 7  5700U,"Octa Core, 16 Threads",DDR4,SSD,AMD Radeon,15.6,Windows 11 OS,1,2073600.0,512.0,16.0,9,110,12,2,1
Dell,Inspiron 3530 IN3530RMD8W001ORS1 Laptop,71990,69.32352941176471,13th Gen Intel Core i5 1335U,"10 Cores (2P + 8E), 12 Threads",DDR4,SSD,Intel UHD Graphics,15.6,Windows 11 OS,1,2073600.0,1024.0,16.0,6,58,12,2,1
Dell,G15-5530 15 2023 Gaming Laptop,136899,75.0,13th Gen Intel Core i7 13650HX,14 Cores (6P + 8E),DDR5,SSD,6GB NVIDIA GeForce RTX 4050,15.6,Windows 11 OS,1,2073600.0,1024.0,16.0,6,71,12,4,1
Lenovo,IdeaPad Flex 5 82R9008FIN Laptop,62990,69.0,5th Gen AMD Ryzen 5  5500U,"Hexa Core, 12 Threads",DDR4,SSD,AMD Radeon Graphics,14.0,Windows 11 OS,1,2304000.0,512.0,16.0,14,97,12,2,1
Asus,Vivobook Go 14 E1404FA-NK547WS Laptop,43990,69.32352941176471,7th Gen AMD Ryzen 5 7520U,"Quad Core, 8 Threads",LPDDR5,SSD,AMD Radeon AMD,14.0,Windows 11 OS,1,2073600.0,512.0,8.0,3,129,12,8,1
Acer,Aspire 3 A315-24P NX.KDESI.00B Laptop,33990,69.32352941176471,7th Gen AMD Ryzen 5 7520U,"Quad Core, 8 Threads",LPDDR5,SSD,AMD Radeon AMD,15.6,Windows 11 OS,1,2073600.0,512.0,8.0,1,129,12,8,1
Asus,Vivobook 15X OLED M3504YA-LK552WS Laptop,58990,65.0,7th Gen AMD Ryzen 5 7530U,"Hexa Core, 12 Threads",DDR4,SSD,Intel Iris Xe Graphics,15.6,Windows 11 OS,1,2073600.0,1024.0,16.0,3,131,12,2,1
MSI,Pulse 15 B13VGK-1296IN Gaming Laptop,154990,71.0,13th Gen Intel Core i7 13700H,"14 Cores (6P + 8E), 20 Threads",DDR5,SSD,8GB NVIDIA GeForce RTX 4070,15.6,Windows 11 OS,2,3686400.0,1024.0,16.0,15,73,12,4,1
MSI,Summit B15 A11M-236IN Laptop,69990,64.0,11th Gen Intel Core i7 1185G7,"Quad Core, 8 Threads",DDR4,SSD,Intel Iris Xe,15.6,Windows 10 OS,2,2073600.0,1024.0,16.0,15,31,10,2,1
Lenovo,Thinkpad L14 Gen 2 ‎20X1S10V00 Laptop,50000,69.32352941176471,11th Gen Intel Core i3 1115G4,"Dual Core, 4 Threads",DDR4,SSD,Intel Iris Xe Graphics,14.0,DOS OS,3,2073600.0,512.0,8.0,14,15,3,2,1
Lenovo,V15 G4 Laptop,36990,69.32352941176471,7th Gen AMD Ryzen 5 7520U ,"Quad Core, 8 Threads",DDR5,SSD,AMD Radeon Graphics,15.6,Windows 11 OS,1,2073600.0,512.0,8.0,14,130,12,4,1
Asus,Vivobook 15X OLED M3504YA-LK741WS Laptop,76500,66.0,7th Gen AMD Ryzen 7  7730U,"Octa Core, 16 Threads",DDR4,SSD,Integrated AMD Radeon Graphics,15.6,Windows 11 OS,1,2073600.0,512.0,16.0,3,133,12,2,1
Lenovo,IdeaPad 3 15IAU7 82RK00WXIN Laptop,33990,69.32352941176471,12th Gen Intel Core i3 1215U,"Hexa Core (2P + 4E), 8 Threads",DDR4,SSD,Intel UHD Graphics ,15.6,Windows 11 OS,1,2073600.0,256.0,8.0,14,34,12,2,1
Lenovo,IdeaPad 1 15AMN7 82VG00ERIN Laptop,32990,69.32352941176471,7th Gen AMD Ryzen 3 7320U,"Quad Core, 8 Threads",LPDDR5,SSD,AMD Radeon 610M,15.6,Windows 11 OS,1,2073600.0,512.0,8.0,14,126,12,8,1
Asus,Vivobook 16X K3605VU-MB541WS Laptop,103221,69.0,13th Gen Intel Core i5 13500H,"12 Cores (4P + 8E), 16 Threads",DDR4,SSD,6GB NVIDIA Geforce RTX 4050,16.0,Windows 11 OS,1,2304000.0,512.0,16.0,3,63,12,2,1
Asus,Vivobook 16X K3605ZU-MB542WS Laptop,89990,71.0,12th Gen Intel Core i5 12450H ,"Octa Core (4P + 4E), 12 Threads",DDR4,SSD,6GB NVIDIA Geforce RTX 4050,16.0,Windows 11 OS,1,2304000.0,512.0,16.0,3,41,12,2,1
Lenovo,IdeaPad Gaming 3 15IHU6 82K101R9IN Laptop,56990,69.0,11th Gen Intel Core i5 11320H,"Quad Core, 8 Threads",DDR4,SSD,4GB NVIDIA GeForce RTX 2050 ,15.6,Windows 11 OS,1,2073600.0,512.0,8.0,14,22,12,2,1
Asus,Vivobook Go 14 E1404FA-NK543WS Laptop,44980,69.32352941176471,7th Gen AMD Ryzen 5 7520U,"Quad Core, 8 Threads",LPDDR5,SSD,AMD Radeon AMD,14.0,Windows 11 OS,1,2073600.0,512.0,16.0,3,129,12,8,1
Asus,Vivobook Go 14 E410KA-EK013W Laptop,23990,69.32352941176471,Intel   N4500,"Dual Core, 2 Threads",DDR4,SSD,Intel Integrated UHD,14.0,Windows OS,1,2073600.0,256.0,8.0,3,169,13,2,1
Asus,Vivobook Pro 15 OLED M6500QC-LK741WS Laptop,76990,63.0,5th Gen AMD Ryzen 7 5800HS,"Octa Core, 16 Threads",DDR4,SSD,4GB NVIDIA GeForce RTX 3050,15.6,Windows 11 OS,1,2073600.0,512.0,16.0,3,116,12,2,1
Acer,Chromebook CB314-3H NX.K04SI.008 Laptop,26920,69.32352941176471,Intel Celeron N4500,"Dual Core, 2 Threads",LPDDR4X,SSD,Intel Integrated UHD,14.0,Chrome OS,1,2073600.0,64.0,8.0,1,176,1,6,1
Ultimus,Lite NU14U4INC44BN-CS Laptop,14490,69.32352941176471,Intel Celeron  N4020,"Dual Core, 2 Threads",DDR4,SSD,Intel Integrated UHD Graphics,14.1,Windows 11 OS,1,1049088.0,256.0,4.0,23,171,12,2,1
Dell,Inspiron 3520 IN3520KTMFJS01ORS1 Laptop,38990,69.32352941176471,11th Gen Intel Core i3 1115G4,"Dual Core, 4 Threads",DDR4,SSD,Intel UHD Graphics,15.6,Windows 11 OS,1,2073600.0,512.0,8.0,6,15,12,2,1
Lenovo,IdeaPad Gaming 3 15ACH6 82K20289IN Laptop,52990,63.0,5th Gen AMD Ryzen 5 5500H,"Quad Core, 8 Threads",DDR4,SSD,4GB NVIDIA GeForce RTX 2050,15.6,Windows 11 OS,1,2073600.0,512.0,8.0,14,103,12,2,1
HP,Omen 17-ck2011TX Gaming Laptop,362999,88.0,13th Gen Intel Core i9 13900HX,"24 Cores (8P + 16E), 32 Threads",DDR5,SSD,16GB NVIDIA GeForce RTX 4090 ,17.3,Windows 11  OS,1,3686400.0,1024.0,32.0,9,76,11,4,1
Acer,Aspire 5 A515-58GM 15 2023 Gaming Laptop,64990,65.0,13th Gen Intel Core i5 13420H,"Octa Core (4P + 4E), 12 Threads",DDR4,SSD,4GB NVIDIA GeForce RTX 2050,15.6,Windows 11 OS,1,2073600.0,512.0,16.0,1,61,12,2,1
Acer,Nitro V ANV15-51 UN.QNASI.002 Gaming Laptop,62990,64.0,13th Gen Intel Core i5 13420H,"Octa Core (4P + 4E), 12 Threads",DDR5,SSD,4GB NVIDIA GeForce RTX 2050,15.6,Windows 11 OS,1,2073600.0,512.0,16.0,1,61,12,4,1
Acer,One 11 Z8-284 UN.013SI.032 Laptop,18990,69.32352941176471,Intel Celeron N4500,"Dual Core, 2 Threads",DDR4,SSD,Intel Integrated UHD,11.6,Windows 11 OS,1,1049088.0,256.0,8.0,1,176,12,2,1
HP,Omen 16-u0022TX Gaming Laptop,169999,78.0,13th Gen Intel Core i7 13700HX,"16 Cores (8P + 8E), 24 Threads",DDR5,SSD,6GB NVIDIA GeForce RTX 4050,16.1,Windows 11 OS,1,4096000.0,512.0,16.0,9,74,12,4,1
HP,Omen 16-u0021TX Gaming Laptop,189999,80.0,13th Gen Intel Core i7 13700HX,"16 Cores (8P + 8E), 24 Threads",DDR5,SSD,8GB NVIDIA GeForce RTX 4060,16.1,Windows 11 OS,1,4096000.0,1024.0,16.0,9,74,12,4,1
HP,Omen 16-u0024TX Gaming Laptop,298999,88.0,13th Gen Intel Core i9 13900HX,"24 Cores (8P + 16E), 32 Threads",DDR5,SSD,8GB NVIDIA GeForce RTX 4070,16.1,Windows 11 OS,1,4096000.0,2048.0,32.0,9,76,12,4,1
HP,Pavilion Plus ‎14-ey0789AU Laptop,99999,70.0,7th Gen Amd Ryzen 7 7840H,"Octa Core, 16 Threads",LPDDR5x,SSD,AMD Radeon 780M Graphics,14.0,Windows 11 OS,1,5184000.0,1024.0,16.0,9,148,12,10,1
HP,Omen 17-ck2008AX Gaming Laptop,267999,85.0,13th Gen Intel Core i7 13700HX,"16 Cores (8P + 8E), 24 Threads",DDR5,SSD,12GB NVIDIA GeForce RTX 4080,17.3,Windows 11 OS,1,3686400.0,1024.0,16.0,9,74,12,4,1
Lenovo,IdeaPad Pro 5 83AQ005SIN Gaming Laptop,108990,63.0,13th Gen Intel Core i7 13700H,"14 Cores (6P + 8E), 20 Threads",LPDDR5,SSD,6GB NVIDIA GeForce RTX 3050,16.0,Windows 11  OS,3,4096000.0,1024.0,16.0,14,73,11,8,1
Lenovo,IdeaPad Gaming 3 15IHU6 82K101R3IN Laptop,51990,69.0,11th Gen Intel Core i5 11320H,"Quad Core, 8 Threads",DDR4,SSD,4GB NVIDIA GeForce GTX 1650,15.6,Windows 11 OS,1,2073600.0,512.0,8.0,14,22,12,2,1
Asus,TUF Gaming F17 FX706HF-HX019W Laptop,62608,66.0,11th Gen Intel Core i5 11400H,"Hexa Core, 12 Threads",DDR4,SSD,4GB NVIDIA GeForce RTX 2050,17.3,Windows 11 OS,1,2073600.0,512.0,16.0,3,25,12,2,1
Acer,Aspire 5 A515-57G-58R7 Gaming Laptop,57999,67.0,12th Gen Intel Core i5 1240P,"12 Cores (4P + 8E), 16 Threads",DDR4,SSD,4GB NVIDIA GeForce RTX 2050,15.6,Windows 11 OS,1,2073600.0,512.0,8.0,1,39,12,2,1
Dell,Inspiron 5430 IN5430FR0KC001ORS1 Laptop,62990,69.32352941176471,13th Gen Intel Core i5 1335U,"10 Cores (2P + 8E), 12 Threads",LPDDR5,SSD,Intel Iris Xe Graphics,14.0,Windows 11 OS,1,2073600.0,512.0,8.0,6,58,12,8,1
Lenovo,IdeaPad Slim 5 82XD005RIN Laptop,71990,69.32352941176471,13th Gen Intel Core i5 13420H,"Octa Core (4P + 4E), 12 Threads",LPDDR5,SSD,Integrated Intel Iris Xe Graphics,14.0,Windows 11 OS,2,2304000.0,512.0,16.0,14,61,12,8,1
Lenovo,Legion Pro 7 2023 82WQ007TIN Gaming Laptop,297990,85.0,13th Gen Intel Core i9 13900HX,"24 Cores (8P + 16E), 32 Threads",DDR5,SSD,12GB NVIDIA Geforce RTX 4080,16.0,Windows 11 OS,1,4096000.0,1024.0,32.0,14,76,12,4,1
Lenovo,Legion Slim 5 82YA00DXIN Gaming Laptop,138490,78.0,13th Gen Intel Core i7 13620H,"10 Cores (6P + 4E), 16 Threads",DDR5,SSD,8GB NVIDIA GeForce RTX 4060,16.0,Windows 11 OS,1,4096000.0,1024.0,16.0,14,70,12,4,1
Lenovo,Legion 5 Pro 82JQ010EIN Laptop,103395,77.0,5th Gen AMD Ryzen 7 5800H,"Octa Core, 16 Threads",DDR4,SSD,6GB NVIDIA GeForce RTX 3060,16.0,Windows 11 OS,1,4096000.0,512.0,16.0,14,114,12,2,1
Lenovo,IdeaPad 5 Pro 82SN00F0IN Gaming Laptop,88990,66.0,6th Gen AMD Ryzen 7 6800HS ,"Octa Core, 16 Threads",LPDDR5,SSD,4GB NVIDIA GeForce RTX 3050,16.0,Windows 11  OS,3,4096000.0,512.0,16.0,14,124,11,8,1
MSI,CreatorPro Z16 HX B13VKTO-214IN Laptop,419990,89.0,13th Gen Intel Core i9 13950HX,24 Cores (8P + 16E),DDR5,SSD,8GB NVIDIA RTX 3000 Ada,16.0,Windows 11 OS,2,4096000.0,2048.0,64.0,15,78,12,4,1
Lenovo,IdeaPad Flex 5 14IRU8 82Y0004TIN Laptop,87990,65.0,13th Gen Intel Core i7 1355U,"10 Cores (2P + 8E), 12 Threads",LPDDR4X,SSD,Intel Integrated Iris Xe,14.0,Windows 11 OS,1,2304000.0,512.0,16.0,14,66,12,6,1
Lenovo,IdeaPad Slim 3 82RK00EMIN Laptop,48990,62.0,12th Gen Intel Core i5 1235U,"10 Cores (2P + 8E), 12 Threads",DDR4,SSD,Intel Iris Xe Graphics,15.6,Windows 11 OS,1,2073600.0,512.0,8.0,14,37,12,2,1
MSI,Bravo 15 B7ED-011IN Gaming Laptop,79990,70.0,7th Gen AMD Ryzen 7 7735HS,"Octa Core, 16 Threads",DDR5,SSD,4GB AMD Radeon RX6550M,15.6,Windows 11 OS,1,2073600.0,512.0,16.0,15,136,12,4,1
Lenovo,IdeaPad 3 15IAU7 82RK00XDIN Laptop,33990,69.32352941176471,12th Gen Intel Core i3 1215U,"Hexa Core (2P + 4E), 8 Threads",DDR4,SSD,Intel UHD Graphics ,15.6,Windows 11 OS,1,2073600.0,256.0,8.0,14,34,12,2,1
HP,14s-dr3002TU Laptop,26990,69.32352941176471,Intel Celeron N4500,"Dual Core, 2 Threads",DDR4,SSD,Intel UHD Graphics,14.0,Windows 11 OS,1,1049088.0,512.0,8.0,9,176,12,2,1
Acer,C734 NX.H8VSI.004 Chromebook Laptop,13990,69.32352941176471,Intel Celeron Dual Core N4500,"Dual Core, 2 Threads",LPDDR4X,Hard-Disk,Intel Integrated UHD,11.6,Chrome OS,1,1310720.0,64.0,4.0,1,174,1,6,0
Acer,TravelMate P2 TMP214-53 Business Laptop,49990,65.0,11th Gen Intel Core i7 1165G7,"Quad Core, 8 Threads",DDR4,SSD,Intel Integrated Iris Xe,14.0,Windows 11 OS,1,2073600.0,1024.0,16.0,1,28,12,2,1
MSI,Bravo 15 B7ED-012IN Gaming Laptop,59990,65.0,7th Gen AMD Ryzen 5 7535HS,"Hexa Core, 12 Threads",DDR5,SSD,4GB AMD Radeon RX6550M,15.6,Windows 11 OS,1,2073600.0,512.0,8.0,15,132,12,4,1
Asus,ROG Strix G15 G513RC-HN251WS Gaming Laptop,91990,71.0,6th Gen AMD Ryzen 7  6800H,"Octa Core, 16 Threads",DDR5,SSD,4GB NVIDIA GeForce RTX RTX 3050,15.6,Windows 11 OS,1,2073600.0,1024.0,16.0,3,120,12,4,1
Asus,Vivobook 16 2023 X1605VA-MB957WS Laptop,95689,73.0,13th Gen Intel Core i9 13900H,"14 Cores (6P + 8E), 20 Threads",DDR4,SSD,Integrated Intel Iris Xe Graphics,16.0,Windows 11 OS,1,2304000.0,1024.0,16.0,3,75,12,2,1
Acer,Chromebook CB314-3H NX.K04SI.007 Laptop,26732,69.32352941176471,Intel Celeron Dual Core N4500,"Dual Core, 2 Threads",LPDDR4X,SSD,Intel Integrated UHD,14.0,Chrome OS,1,1310720.0,128.0,8.0,1,174,1,6,1
HP,Zbook FireFly 14 G8 4F0W6PA Laptop,89999,70.0,11th Gen Intel Core i5 1135G7,"Quad Core, 8 Threads",DDR4,SSD,Intel UHD Graphics,14.0,Windows 11 OS,1,2073600.0,512.0,16.0,9,23,12,2,1
Asus,Vivobook S14 Flip TN3402QA-LZ751WS Laptop,69990,62.0,5th Gen AMD Ryzen 7 5800H,"Octa Core, 16 Threads",DDR4,SSD,AMD Radeon Graphics,14.0,Windows 11 OS,1,2304000.0,1024.0,16.0,3,114,12,2,1
Asus,Vivobook S14 Flip TN3402QA-LZ551WS Laptop,65391,69.32352941176471,5th Gen AMD Ryzen 5  5600H,"Hexa Core, 12 Threads",DDR4,SSD,AMD Radeon Graphics,14.0,Windows 11 OS,1,2304000.0,1024.0,16.0,3,100,12,2,1
Lenovo,Thinkpad T14 Laptop,90000,69.32352941176471,4th Gen AMD Ryzen 7 PRO 4750U,"Octa Core, 16 Threads",DDR4,SSD,AMD Radeon Graphics,14.0,Windows 10 OS,1,2073600.0,512.0,16.0,14,90,10,2,1
Lenovo,IdeaPad Slim 3 82RK00VWIN Laptop,38390,69.32352941176471,12th Gen Intel Core i3 1215U,"Hexa Core (2P + 4E), 8 Threads",DDR4,SSD,Intel UHD Graphics,15.6,Windows 11 OS,1,2073600.0,512.0,8.0,14,34,12,2,1
Lenovo,IdeaPad 1 15AMN7 82VG00J5IN Laptop,40990,69.32352941176471,7th Gen AMD Ryzen 5 7520U,"Quad Core, 8 Threads",LPDDR5,SSD,AMD Radeon 610M,15.6,Windows 11 OS,1,2073600.0,512.0,8.0,14,129,12,8,1
Lenovo,IdeaPad Gaming 3 82K2028AIN Laptop,50990,62.0,5th Gen AMD Ryzen 5  5500H,"Quad Core, 8 Threads",DDR4,SSD,4GB  NVIDIA GeForce RTX 2050,15.6,Windows 11 OS,1,2073600.0,512.0,8.0,14,96,12,2,1
Dell,Vostro 3520 Laptop,47990,69.32352941176471,11th Gen Intel Core i5 1135G7,"Quad Core, 8 Threads",DDR4,SSD,Intel UHD Graphics,15.6,Windows 11 OS,1,2073600.0,512.0,8.0,6,23,12,2,1
Dell,Inspiron 15 3520 IN352092K4N001ORS1 Laptop,59990,69.32352941176471,12th Gen Intel Core i5 1235U,"10 Cores (2P + 8E), 12 Threads",DDR4,SSD,Intel Integrated Graphics,15.6,Windows 11 OS,1,2073600.0,512.0,16.0,6,37,12,2,1
Dell,Vostro 3530 Laptop,61990,69.32352941176471,13th Gen Intel Core i5 1335U,"10 Cores (2P + 8E), 12 Threads",DDR4,SSD,Intel Integrated Graphics ,15.6,Windows 11 OS,1,2073600.0,512.0,8.0,6,58,12,2,1
Lenovo,V14 G4 Laptop,31990,69.32352941176471,7th Gen AMD Ryzen 3 7320U,"Quad Core, 8 Threads",LPDDR5,SSD,AMD Radeon,14.0,Windows 11 OS,1,2073600.0,512.0,8.0,14,126,12,8,1
MSI,Creator M16 B13VE-1271IN Laptop,129990,82.0,13th Gen Intel Core i7 13700H,"14 Cores (6P + 8E), 20 Threads",DDR5,SSD,6GB NVIDIA GeForce RTX 4050,16.0,Windows 11 OS,2,2304000.0,1024.0,32.0,15,73,12,4,1
Lenovo,V15 G3 82TTA02UIH Laptop,49989,63.0,12th Gen Intel Core i5 1235U,"10 Cores (2P + 8E), 12 Threads",DDR4,SSD,Intel Integrated UHD,15.6,Windows 11 OS,1,2073600.0,512.0,8.0,14,37,12,2,1
Dell,Vostro 3525 Laptop,42990,69.32352941176471,5th Gen AMD Ryzen 5 5500U,"Hexa Core, 12 Threads",DDR4,SSD,AMD Radeon Graphics,15.6,Windows 11 OS,1,2073600.0,512.0,8.0,6,104,12,2,1
MSI,Creator Pro M16 B13VJ-1272IN Gaming Laptop,259990,83.0,13th Gen Intel Core i7 13700H,"14 Cores (6P + 8E), 20 Threads",DDR5,SSD,8GB NVIDIA GeForce RTX A2000 Ada,16.0,Windows 11 OS,2,2304000.0,1024.0,32.0,15,73,12,4,1
Lenovo,IdeaPad Slim 3i 82X70032IN Laptop,44690,69.32352941176471,13th Gen Intel Core i3 1305U,"5 Cores (1P + 4E), 6 Threads",LPDDR5,SSD,Intel UHD Graphics,15.6,Windows 11 OS,1,2073600.0,512.0,8.0,14,55,12,8,1
Lenovo,IdeaPad Flex 5 Gen 8 82XX0070IN Laptop,61990,69.0,7th Gen AMD Ryzen 5 7530U,"Hexa Core, 12 Threads",LPDDR4X,SSD,AMD Radeon AMD,14.0,Windows 11 OS,1,2304000.0,512.0,16.0,14,131,12,6,1
HP,ZBook Firefly 16 G9 6V2X7PA Workstation PC Laptop,123300,75.0,12th Gen Intel Core i7 1255U,"10 Cores (2P + 8E), 12 Threads",DDR5,SSD,Intel Iris Xe Graphics,16.0,Windows 11 OS,1,2304000.0,1024.0,16.0,9,45,12,4,1
Dell,Inspiron 3530 15 Laptop,74499,69.32352941176471,13th Gen Intel Core i5 1335U,"10 Cores (2P + 8E), 12 Threads",DDR4,SSD,Intel UHD Graphics,15.6,Windows 11 OS,1,2073600.0,1024.0,16.0,6,58,12,2,1
Lenovo,IdeaPad Gaming 3 15IHU6 82K101PCIN Laptop,47990,65.0,11th Gen Intel Core i5 11320H,"Quad Core, 8 Threads",DDR4,SSD,4GB NVIDIA GeForce GTX 2050,15.6,Windows 11 OS,1,2073600.0,512.0,8.0,14,22,12,2,1
Lenovo,Yoga 6 13ABR8 83B2007UIN Laptop,85990,71.0,7th Gen AMD Ryzen 7 7730U,"Octa Core, 16 Threads",LPDDR4X,SSD,AMD Radeon Graphics,13.3,Windows 11 OS,1,2304000.0,1024.0,16.0,14,135,12,6,1
Lenovo,IdeaPad Flex 5 82R900D4IN Laptop,61990,63.0,5th Gen AMD Ryzen 7 5700U,"Octa Core, 16 Threads",DDR4,SSD,AMD Radeon,14.0,Windows 11 OS,1,2304000.0,512.0,16.0,14,113,12,2,1
Ultimus,Neo NU14U3INT54BN Laptop,21990,69.32352941176471,10th Gen Intel Core i3 1005G1,"Dual Core, 4 Threads",DDR4,SSD,Intel Integrated Iris,14.1,Windows 11 OS,1,2073600.0,256.0,8.0,23,1,12,2,1
HP,Victus 15-fb0158AX Gaming Laptop,49990,67.0,5th Gen AMD Ryzen 5  5600H ,"Hexa Core, 12 Threads",DDR4,SSD,4GB AMD Radeon RX 6500M,15.6,Windows 11 OS,1,2073600.0,512.0,8.0,9,101,12,2,1
Lenovo,Legion Slim 5 82Y9009KIN Gaming Laptop,112990,79.0,7th Gen AMD Ryzen 7 7840HS,"Octa Core, 16 Threads",DDR5,SSD,6GB NVIDIA GeForce RTX 4050,16.0,Windows 11 OS,1,2304000.0,512.0,16.0,14,139,12,4,1
Lenovo,Legion Slim 5 16APH8 82Y90042IN Gaming Laptop,127990,83.0,7th Gen AMD Ryzen 7 7840HS,"Octa Core, 16 Threads",DDR5,SSD,8GB NVIDIA GeForce RTX 4060,16.0,Windows 11 OS,1,4096000.0,512.0,16.0,14,139,12,4,1
HP,Pavilion x360 14-ek1021TU Laptop,91590,70.0,13th Gen Intel Core i7 1355U ,"10 Cores (2P + 8E), 12 Threads",DDR4,SSD,Intel Integrated Iris Xe,14.0,Windows 11 OS,1,2073600.0,512.0,16.0,9,67,12,2,1
HP,Victus 15-fa1062TX Gaming Laptop,103060,71.0,13th Gen Intel Core i5 13500H,"12 Cores (4P + 8E), 16 Threads",DDR4,SSD,6GB NVIDIA GeForce RTX 4050,15.6,Windows 11 OS,1,2073600.0,512.0,16.0,9,63,12,2,1
HP,15-fc0027AU Laptop,39600,69.32352941176471,7th Gen AMD Ryzen 3 7320U,"Quad Core, 8 Threads",LPDDR5,SSD,AMD Radeon AMD,15.6,Windows 11 OS,1,2073600.0,512.0,8.0,9,126,12,8,1
Lenovo,Legion Slim 5 16APH8 82Y9008MIN Gaming Laptop,137590,83.0,7th Gen AMD Ryzen 7 7840HS,"Octa Core, 16 Threads",DDR5,SSD,8GB NVIDIA GeForce RTX 4060,16.0,Windows 11 OS,1,4096000.0,512.0,16.0,14,139,12,4,1
Lenovo,ThinkBook 15 Gen 5 21JF0026MJ Laptop,53980,69.0,7th Gen AMD Ryzen 7 7730U,"Octa Core, 16 Threads",DDR4,SSD,AMD Radeon AMD,16.0,Windows 11 OS,1,2073600.0,512.0,16.0,14,135,12,2,1
Acer,Swift Go 14 NX.KG3SI.005 Laptop,54990,60.0,7th Gen AMD Ryzen 5  7530U,"Hexa Core, 12 Threads",LPDDR4X,SSD,AMD Radeon Graphics,14.0,Windows 11 OS,1,2073600.0,512.0,16.0,1,128,12,6,1
Asus,VivoBook 15 X515MA-BR022WS Laptop,28099,69.32352941176471,Intel Celeron N4020,"Dual Core, 2 Threads",DDR4,SSD,Intel Integrated UHD 600,15.6,Windows OS,1,1049088.0,512.0,8.0,3,175,13,2,1
HP,Spectre 17-cs0097nr Foldable Laptop,415000,67.0,12th Gen Intel Core i7 1250U,"10 Cores (2P + 8E), 12 Threads",LPDDR5,SSD,Intel Iris Xe Graphics,17.0,Windows 11 OS,1,4915200.0,1024.0,16.0,9,44,12,8,1
Fujitsu,CH‎ 4ZR1L82433 Laptop,64990,66.0,13th Gen Intel Core i5 1334U,"10 Cores (2P + 8E), 12 Threads",DDR5,SSD,Intel Iris Xe Graphics,13.3,Windows 11 OS,2,2073600.0,512.0,16.0,7,57,12,4,1
Fujitsu,CH‎ 4ZR1L82434 Laptop,84990,69.0,13th Gen Intel Core i7 1355U,"10 Cores (2P + 8E), 12 Threads",DDR5,SSD,Intel Iris Xe Graphics,13.3,Windows 11 OS,2,2073600.0,1024.0,16.0,7,66,12,4,1
Tecno,Megabook T1 Laptop,52999,67.0,11th Gen Intel Core i7 1165G7,"Quad Core, 8 Threads",LPDDR4,SSD,Intel UHD Graphics,15.6,Windows 11 OS,1,2073600.0,1024.0,16.0,22,28,12,5,1
Tecno,Megabook T1 Laptop,34999,63.0,11th Gen Intel Core i3 1115G4,"Dual Core, 4 Threads",LPDDR4,SSD,Intel UHD Graphics,15.6,Windows 11 OS,1,2073600.0,512.0,8.0,22,15,12,5,1
Asus,Vivobook 15X OLED M3504YA-LK752WS Laptop,65990,67.0,7th Gen AMD Ryzen 7  7730U,"Octa Core, 16 Threads",DDR4,SSD,Integrated AMD Radeon Graphics,15.6,Windows 11 OS,1,2073600.0,1024.0,16.0,3,133,12,2,1
HP,Victus 15-fb1016AX  Gaming Laptop,56990,67.0,7th Gen AMD Ryzen 5 7535HS,"Hexa Core, 12 Threads",DDR5,SSD,4GB NVIDIA GeForce RTX 2050,15.6,Windows 11 OS,1,2073600.0,512.0,8.0,9,132,12,4,1
Lenovo,ThinkPad E15 20TDS0AD00 Laptop,88999,64.0,11th Gen Intel Core i5 1135G7,"Quad Core, 8 Threads",DDR4,SSD,Intel Iris Xe Graphics,15.6,Windows 10 OS,1,2073600.0,1024.0,16.0,14,23,10,2,1
Lenovo,Ideapad 3 15ITL06 82H803GUIN Laptop,35990,69.32352941176471,11th Gen Intel Core i3 1115G4,"Dual Core, 4 Threads",DDR4,SSD,Intel UHD Graphics,15.6,Windows 11 OS,1,2073600.0,512.0,8.0,14,15,12,2,1
Lenovo,Yoga 7 82YL0060IN Laptop,111490,76.0,13th Gen Intel Core i7 1360P,"12 Cores (4P + 8E), 16 Threads",LPDDR5,SSD,Integrated Intel Iris Xe Graphics,14.0,Windows 11 OS,1,5184000.0,512.0,16.0,14,68,12,8,1
HP,250 G9 7N179PA Laptop,50990,69.32352941176471,12th Gen Intel Core i5 1235U,"10 Cores (2P + 8E), 12 Threads",DDR4,SSD,Intel Iris Xe Graphics,15.6,Windows 11 OS,1,1049088.0,512.0,8.0,9,37,12,2,1
Lenovo,Thinkpad E15 21E6S07S00 Laptop,89500,64.0,12th Gen Intel Core i5 1235U,"10 Cores (2P + 8E), 12 Threads",DDR4,SSD,Intel Iris Xe Graphics,15.6,Windows 11 OS,1,2073600.0,512.0,16.0,14,37,12,2,1
Lenovo,Ideapad Slim 5 82XE004QIN Laptop,66388,62.0,7th Gen AMD Ryzen 5 7530U,"Hexa Core, 12 Threads",DDR4,SSD,AMD Radeon Graphics,14.0,Windows 11 OS,1,2304000.0,512.0,16.0,14,131,12,2,1
Asus,Vivobook Pro 15 M6500QC-HN551WS Laptop,66990,63.0,5th Gen AMD Ryzen 5 5600HS,"Hexa Core, 12 Threads",DDR4,SSD,4GB NVIDIA GeForce RTX 3050,15.6,Windows 11 OS,1,2073600.0,1024.0,16.0,3,106,12,2,1
Asus,Vivobook Pro 15 M6500QC-HN751WS Laptop,74990,64.0,5th Gen AMD Ryzen 7 5800HS,"Octa Core, 16 Threads",DDR4,SSD,4GB NVIDIA GeForce RTX 3050,15.6,Windows 11 OS,1,2073600.0,1024.0,16.0,3,116,12,2,1
HP,255 G9 841W6PA Laptop,26990,69.32352941176471,3rd Gen AMD Ryzen 3  3250U,"Dual Core, 4 Threads",DDR4,SSD,AMD Radeon Graphics,15.6,DOS 3.0 OS,1,1049088.0,512.0,8.0,9,85,2,2,1
Dell,15 Inspiron 3530 Laptop,65990,69.32352941176471,13th Gen Intel Core i5 1335U,"10 Cores (2P + 8E), 12 Threads",DDR4,SSD,Intel Integrated UHD,15.6,Windows 11 OS,1,2073600.0,1024.0,8.0,6,58,12,2,1
Asus,Vivobook 16X 2023 K3605ZC-MBN752WS Laptop,87990,73.0,12th Gen Intel Core i7 12650H,"10 Cores (6P + 4E), 16 Threads",DDR4,SSD,4GB NVIDIA GeForce RTX 3050,16.0,Windows 11 OS,1,2304000.0,1024.0,16.0,3,48,12,2,1
Dell,Inspiron 3520 IN3520KTMFJS1ORGR1 Laptop,36480,69.32352941176471,11th Gen Intel Core i3 1115G4,"Dual Core, 4 Threads",DDR4,SSD,Intel UHD Graphics,15.6,Windows 11 OS,1,2073600.0,512.0,8.0,6,15,12,2,1
Dell,Inspiron 3530 IN3530RW8JY001ORS1 Laptop,63989,69.32352941176471,13th Gen Intel Core i5 1335U,"10 Cores (2P + 8E), 12 Threads",DDR4,SSD,Intel Integrated Integrated Intel® UHD Graphics,15.6,Windows 11 OS,1,2073600.0,1024.0,8.0,6,58,12,2,1
Asus,TUF Gaming F15 90NR0GW1-M00F00 Laptop,90990,64.0,12th Gen Intel Core i7 12700H ,20 Threads,DDR5,SSD,4GB NVIDIA GeForce RTX 3050,15.6,Windows 11  OS,1,2073600.0,1024.0,16.0,3,52,11,4,1
Asus,Vivobook 16X 2023 K3605ZV-MBN741WS Laptop,104990,72.0,12th Gen Intel Core i7 12650H,"10 Cores (6P + 4E), 16 Threads",DDR4,SSD,NVIDIA Geforce RTX,16.0,Windows 11 OS,1,2304000.0,512.0,16.0,3,48,12,2,1
HP,240 G9 ALC 7M658PA Laptop,64800,69.32352941176471,12th Gen Intel Core i5 1235U,"10 Cores (2P + 8E), 12 Threads",DDR4,SSD,Intel Integrated,14.0,DOS OS,1,1049088.0,512.0,8.0,9,37,3,2,1
Asus,Chromebook CX1400FKA-EC0158 Laptop,27990,69.32352941176471,Intel Celeron N4500,"Dual Core, 2 Threads",LPDDR4X,SSD,Intel Integrated UHD,14.0,Chrome OS,1,2073600.0,64.0,4.0,3,176,1,6,1
Asus,Chromebook CX1400CKA-EK0335 Laptop,14990,69.32352941176471,Intel Celeron N4500,"Dual Core, 2 Threads",LPDDR4X,SSD,Intel Integrated UHD,14.0,Chrome OS,1,2073600.0,128.0,4.0,3,176,1,6,1
Asus,Chromebook CX1500CKA-EJ0241 Laptop,22990,69.32352941176471,Intel Celeron N4500,"Dual Core, 2 Threads",LPDDR4X,SSD,Intel Integrated UHD,15.6,Chrome OS,1,2073600.0,64.0,4.0,3,176,1,6,1
Asus,Chromebook CX1500CKA-EJ0277 Laptop,23990,69.32352941176471,Intel Celeron N4500,"Dual Core, 2 Threads",LPDDR4X,SSD,Intel Integrated UHD,15.6,Chrome OS,1,2073600.0,128.0,4.0,3,176,1,6,1
HP,250 G9 7M659PA Laptop,42900,62.0,12th Gen Intel Core i3 1215U,"Hexa Core (2P + 4E), 8 Threads",DDR4,SSD,Intel Integrated,15.6,Windows 11 OS,1,1049088.0,512.0,8.0,9,34,12,2,1
Gigabyte,G6 KF Gaming Laptop,130000,71.0,13th Gen Intel Core i7 13620H,"10 Cores (6P + 4E), 16 Threads",DDR5,SSD,8GB NVIDIA GeForce RTX 4060,16.0,Windows 11 OS,0,2304000.0,512.0,16.0,8,70,12,4,1
Gigabyte,G5 KF-E3IN313SH Laptop,94990,73.0,12th Gen Intel Core i5 12500H,"12 Cores (4P + 8E), 16 Threads",DDR5,SSD,8GB NVIDIA GeForce RTX 4060,15.6,Windows 11 OS,2,2073600.0,512.0,8.0,8,42,12,4,1
Lenovo,ThinkBook 15 G3 ACL 21A4003KUS Laptop,57990,60.0,5th Gen AMD Ryzen 7  5700U,"Octa Core, 16 Threads",DDR4,SSD,AMD Radeon AMD,15.6,Windows 11 OS,1,2073600.0,512.0,16.0,14,110,12,2,1
Asus,Vivobook 16X K3605ZU-MBN742WS Laptop,104222,72.0,12th Gen Intel Core i7 12650H,"10 Cores (6P + 4E), 16 Threads",DDR4,SSD,6GB NVIDIA Geforce RTX 4050,16.0,Windows 11 OS,1,2304000.0,512.0,16.0,3,48,12,2,1
Fujitsu,UH-X ‎4ZR1M37246 Laptop,69990,65.0,13th Gen Intel Core i5 1335U,"10 Cores (2P + 8E), 12 Threads",LPDDR5,SSD,Intel Iris Xe Graphics,14.0,Windows 11 OS,2,2304000.0,512.0,16.0,7,58,12,8,1
Lenovo,IdeaPad Slim 5 82XE0072IN Laptop,63990,69.0,7th Gen AMD Ryzen 7 7730U,"Octa Core, 16 Threads",DDR4,SSD,AMD Integrated SoC,14.0,Windows 11 OS,1,2304000.0,512.0,16.0,14,135,12,2,1
Lenovo,IdeaPad Slim 3 82XQ008UIN Laptop,48990,69.32352941176471,7th Gen AMD Ryzen 5 7520U,"Quad Core, 8 Threads",LPDDR5,SSD,AMD Radeon 610M Graphics,15.6,Windows 11 OS,1,2073600.0,512.0,8.0,14,129,12,8,1
Lenovo,V15 G3 IAP 82TT004VIH Laptop,46990,69.32352941176471,12th Gen Intel Core i5 1235U,"10 Cores (2P + 8E), 12 Threads",DDR4,SSD,Intel Integrated UHD,15.6,DOS OS,1,2073600.0,512.0,8.0,14,37,3,2,1
HP,Victus 15-fb1015AX Gaming Laptop,55990,69.0,7th Gen Amd Ryzen 5 7535HS,"Hexa Core, 12 Threads",DDR5,SSD,4GB NVIDIA GeForce RTX 2050,15.6,Windows 11 OS,1,2073600.0,512.0,8.0,9,146,12,4,1
Asus,Vivobook 16X K3605ZC-MBN542WS Laptop,66990,65.0,12th Gen Intel Core i5 12450H,"Octa Core (4P + 4E), 12 Threads",DDR4,SSD,4GB NVIDIA GeForce RTX 3050,16.0,Windows 11 OS,1,2304000.0,512.0,16.0,3,40,12,2,1
Asus,Vivobook 16X K3605ZU-MBN541WS Laptop,89990,70.0,12th Gen Intel Core i5 12450H,"Octa Core (4P + 4E), 12 Threads",DDR4,SSD,6GB NVIDIA Geforce RTX 4050,16.0,Windows 11 OS,1,2304000.0,512.0,16.0,3,40,12,2,1
MSI,Thin GF63 11UC-1291IN Gaming Laptop,62990,71.0,11th Gen Intel Core i5 11400H,"Hexa Core, 12 Threads",DDR4,SSD,4GB NVIDIA GeForce RTX 3050,15.6,Windows 11 OS,2,2073600.0,512.0,16.0,15,25,12,2,1
MSI,Katana 15 B12UDXK-1004IN Gaming Laptop,85990,76.0,12th Gen Intel Core i7 12650H,"10 Cores (6P + 4E), 16 Threads",DDR5,SSD,6GB NVIDIA GeForce RTX 3050,15.6,Windows 11 OS,2,2073600.0,512.0,16.0,15,48,12,4,1
Lenovo,Thinkpad E15 21E6S0W700 Laptop,47100,65.0,12th Gen Intel Core i3 1215U,"Hexa Core (2P + 4E), 8 Threads",DDR4,SSD,Intel UHD Graphics,15.6,Windows 11 OS,1,2073600.0,512.0,8.0,14,34,12,2,1
Lenovo,Yoga 7 82YM004UIN Laptop,91990,76.0,7th Gen AMD Ryzen 7 7735U,"Octa Core, 16 Threads",DDR5,SSD,AMD Radeon Graphics,14.0,Windows 11 OS,1,5184000.0,512.0,16.0,14,137,12,4,1
Asus,Vivobook Pro 15 OLED M6500QC-LK541WS Laptop,67990,62.0,5th Gen AMD Ryzen 5 5600H,"Hexa Core, 12 Threads",DDR4,SSD,4GB NVIDIA GeForce RTX 3050 GPU,15.6,Windows 11 OS,1,2073600.0,512.0,16.0,3,105,12,2,1
Acer,TMP214-41-G3 UN.VSQSI.007 Notebook,39990,63.0,5th Gen AMD Ryzen 5 5500U,"Hexa Core, 12 Threads",DDR4,SSD,AMD Radeon AMD,14.0,Windows 11 OS,1,1049088.0,512.0,16.0,1,104,12,2,1
Acer,TMP214-41-G3 UN.VSQSI.006 Notebook,36990,60.0,5th Gen AMD Ryzen 5 5500U,"Hexa Core, 12 Threads",DDR4,SSD,AMD Radeon AMD,14.0,Windows 11 OS,1,1049088.0,512.0,8.0,1,104,12,2,1
Asus,Vivobook Go 14 2023 E1404FA-NK327WS Laptop,33990,69.32352941176471,7th Gen AMD Ryzen 3 7320U,"Quad Core, 8 Threads",LPDDR5,SSD,AMD Radeon AMD,14.0,Windows 11 OS,1,2073600.0,512.0,8.0,3,126,12,8,1
Lenovo,V14 82KAA055IH Laptop,43800,69.32352941176471,11th Gen Intel Core i5 1135G7 ,"Quad Core, 8 Threads",DDR4,SSD,Intel UHD Graphics ,14.0,DOS OS,1,1049088.0,512.0,8.0,14,24,3,2,1
HP,Omen 16-xf0043AX Gaming Laptop,179490,78.0,7th Gen AMD Ryzen 9 7940HS,"Octa Core, 16 Threads",DDR5,SSD,8GB NVIDIA GeForce RTX 4070,16.1,Windows 11 OS,1,3686400.0,1024.0,32.0,9,143,12,4,1
Gigabyte,Aero 14 OLED BMF Laptop,164990,70.0,13th Gen Intel Core i7 13700H,"14 Cores (6P + 8E), 20 Threads",LPDDR5,SSD,6GB NVIDIA GeForce RTX 4050,14.0,Windows 11 OS,2,5184000.0,1024.0,16.0,8,73,12,8,1
Dell,Inspiron 5430 IN54308DXWP001ORS1 Laptop,84990,69.32352941176471,13th Gen Intel Core i7 1355U,"10 Cores (2P + 8E), 12 Threads",LPDDR5,SSD,Intel Iris Xe Graphics,14.0,Windows 11 OS,1,2073600.0,1024.0,16.0,6,66,12,8,1
Fujitsu,UH-X ‎4ZR1L73352 2-in-1 Laptop,104990,76.0,13th Gen Intel Core i7 1360p,"12 Cores (4P + 8E), 16 Threads",LPDDR5,SSD,Intel Iris Xe Graphics,14.0,Windows 11 OS,2,2304000.0,1024.0,16.0,7,69,12,8,1
Asus,TUF Gaming F15 FX506HF-HN076W Gaming Laptop,57990,69.0,11th Gen Intel Core i5 11260H,"Hexa Core, 12 Threads",DDR4,SSD,4GB NVIDIA GeForce RTX 2050,15.6,Windows 11 OS,1,2073600.0,512.0,16.0,3,19,12,2,1
HP,Victus 15-fb1018AX Gaming Laptop,58990,63.0,7th Gen Amd Ryzen 5 7535HS,"Hexa Core, 12 Threads",DDR5,SSD,4GB NVIDIA GeForce RTX 2050,15.6,Windows 11 OS,1,2073600.0,512.0,8.0,9,146,12,4,1
Dell,Alienware x15 R2 D569947WIN9 Gaming Laptop,304990,78.0,12th Gen Intel Core i9 12900H,"14 Cores (6P + 8E), 20 Threads",LPDDR5,SSD,8GB NVIDIA GeForce RTX 3070 Ti,15.6,Windows 11 OS,1,2073600.0,1024.0,32.0,6,53,12,8,1
Asus,Vivobook Go 14 2023 E1404FA-NK325WS Laptop,33990,69.32352941176471,7th Gen AMD Ryzen 3 7320U,"Quad Core, 8 Threads",LPDDR5,SSD,AMD Radeon AMD,14.0,Windows 11 OS,1,2073600.0,512.0,8.0,3,126,12,8,1
Ultimus,Elite NU14U3INF56BN-CS Laptop,28990,69.32352941176471,10th Gen Intel Core i5 1035G4,"Quad Core, 8 Threads",DDR4,SSD,Intel Integrated Iris,14.1,Windows 11 OS,1,2073600.0,512.0,8.0,23,8,12,2,1
Acer,Aspire 3 Spin 14 NX.KENSI.002 Laptop,39900,69.32352941176471,Intel Core i3 N305,"Octa Core, 8 Threads",DDR4,SSD,Intel UHD Graphics,14.0,Windows 11 OS,1,2304000.0,512.0,8.0,1,177,12,2,1
Lenovo,IdeaPad 3 15ITL6 82H803GSIN Laptop,36490,60.0,11th Gen Intel Core i3 1115G4,"Dual Core, 4 Threads",DDR4,SSD,Intel Integrated UHD,15.6,Windows 11 OS,1,2073600.0,512.0,8.0,14,15,12,2,1
Lenovo,IdeaPad Slim 5i 82XD0040IN Laptop,87490,62.0,13th Gen Intel Core i7 13620H,"10 Cores (6P + 4E), 16 Threads",LPDDR5,SSD,Intel Integrated UHD,14.0,Windows 11 OS,1,2304000.0,512.0,16.0,14,70,12,8,1
Dell,Inspiron 3530 2023 Laptop,44990,69.32352941176471,13th Gen Intel Core i3 1305U,"5 Cores (1P + 4E), 6 Threads",DDR4,SSD,Intel Integrated UHD,15.6,Windows 11 OS,1,2073600.0,1024.0,8.0,6,55,12,2,1
Lenovo,Yoga 7 Flip 82YL005YIN Laptop,107990,75.0,13th Gen Intel Core i7 1360P,"12 Cores (4P + 8E), 16 Threads",LPDDR5,SSD,Intel Iris Xe Graphics,14.0,Windows 11 OS,1,5184000.0,512.0,16.0,14,68,12,8,1
Dell,Inspiron 3535 2023 Laptop,46900,69.32352941176471,7th Gen Amd Ryzen 5 7520U,"Quad Core, 8 Threads",LPDDR5,SSD,AMD Radeon Graphics,15.6,Windows 11 OS,1,2073600.0,1024.0,8.0,6,144,12,8,1
Dell,Inspiron 13 5330 Laptop,98890,63.0,13th Gen Intel Core i7 1360P,"12 Cores (4P + 8E), 16 Threads",LPDDR5,SSD,Intel Iris Xe Graphics,13.3,Windows 11 OS,1,4096000.0,1024.0,16.0,6,68,12,8,1
Dell,Inspiron 7430 2023 2 in 1 Laptop,76990,69.32352941176471,13th Gen Intel Core i5 1335U,"10 Cores (2P + 8E), 12 Threads",LPDDR5,SSD,Intel Iris Xe Graphics,14.0,Windows 11 OS,1,2304000.0,1024.0,8.0,6,58,12,8,1
Dell,Inspiron 5330 2023 Laptop,86990,62.0,13th Gen Intel Core i5 1340P,"12 Cores (4P + 8E), 16 Threads",LPDDR5,SSD,Intel Iris Xe Graphics,13.3,Windows 11 OS,1,4096000.0,1024.0,16.0,6,59,12,8,1
Dell,Inspiron 7430 2 in 1 Touch Laptop,86990,60.0,13th Gen Intel Core i5 1335U,"10 Cores (2P + 8E), 12 Threads",LPDDR5,SSD,Intel Iris Xe Graphics,14.0,Windows 11 OS,1,2304000.0,1024.0,16.0,6,58,12,8,1
Dell,Vostro 3430 VN3430RHXFG001ORB1 Laptop,58490,63.0,13th Gen Intel Core i5 1335U,"10 Cores (2P + 8E), 12 Threads",DDR4,SSD,Intel Iris Xe Graphics,14.0,Windows 11 OS,1,2073600.0,512.0,8.0,6,58,12,2,1
HP,Victus 15-FB0142AX Gaming Laptop,69199,71.0,5th Gen AMD Ryzen 5 5600H,"Hexa Core, 12 Threads",DDR4,SSD,4GB NVIDIA GeForce RTX 3050,15.6,Windows 11 OS,1,2073600.0,512.0,16.0,9,105,12,2,1
MSI,Thin GF63 11SC-1494IN Gaming Laptop,45990,65.0,11th Gen Intel Core i5 11260H,"Hexa Core, 12 Threads",DDR4,SSD,4GB NVIDIA GeForce GTX 1650,15.6,Windows 11 OS,2,2073600.0,512.0,8.0,15,19,12,2,1
MSI,Thin GF63 12VF-663IN Gaming Laptop,94990,77.0,12th Gen Intel Core i7 12650H,"10 Cores (6P + 4E), 16 Threads",DDR4,SSD,8GB NVIDIA GeForce RTX 4060,15.6,Windows 11 OS,2,2073600.0,512.0,16.0,15,48,12,2,1
MSI,Katana 17 B12VFK-668IN Gaming Laptop,97990,77.0,12th Gen Intel Core i7 12650H,"10 Cores (6P + 4E), 16 Threads",DDR5,SSD,8GB NVIDIA GeForce RTX 4060,17.3,Windows 11 OS,2,2073600.0,1024.0,8.0,15,48,12,4,1
MSI,Pulse 17 B13VGK-652IN Gaming Laptop,179990,83.0,13th Gen Intel Core i9 13900H,"14 Cores (6P + 8E), 20 Threads",DDR5,SSD,8GB NVIDIA GeForce RTX 4070,17.3,Windows 11 OS,2,2073600.0,1024.0,16.0,15,75,12,4,1
MSI,Pulse 17 B13VGK-666IN Gaming Laptop,125990,76.0,13th Gen Intel Core i7 13700H,"14 Cores (6P + 8E), 20 Threads",DDR5,SSD,8GB NVIDIA GeForce RTX 4060,17.3,Windows 11 OS,2,3686400.0,1024.0,8.0,15,73,12,4,1
HP,Victus  15-fa1060TX  Gaming Laptop,116463,71.0,13th Gen Intel Core i5 13500H,"12 Cores (4P + 8E), 16 Threads",DDR4,SSD,6GB NVIDIA GeForce RTX 4050,15.6,Windows 11 OS,1,2073600.0,512.0,16.0,9,63,12,2,1
HP,Victus 15-fa1064TX Gaming Laptop,109990,72.0,13th Gen Intel Core i7 13700H,"14 Cores (6P + 8E), 20 Threads",DDR4,SSD,6GB NVIDIA GeForce RTX 4050,15.6,Windows 11 OS,1,2073600.0,512.0,16.0,9,73,12,2,1
HP,Omen 16-wf0052TX Gaming Laptop,153625,75.0,13th Gen Intel Core i5 13500HX,"14 Cores (6P + 8E), 20 Threads",DDR5,SSD,6GB NVIDIA GeForce RTX 4050,16.1,Windows 11 OS,1,2073600.0,512.0,16.0,9,65,12,4,1
HP,Omen 16-u0023TX Gaming Laptop,270129,86.0,13th Gen Intel Core i9 13900HX,"24 Cores (8P + 16E), 32 Threads",DDR5,SSD,8GB NVIDIA GeForce RTX 4070,16.1,Windows 11 OS,1,4096000.0,1024.0,32.0,9,76,12,4,1
Gigabyte,Aorus 15 9SF Gaming Laptop,149990,83.0,12th Gen Intel Core i5 12500H,"12 Cores (4P + 8E), 16 Threads",DDR5,SSD,8GB NVIDIA GeForce RTX 4070,15.6,Windows 11  OS,2,3686400.0,1024.0,16.0,8,42,11,4,1
Lenovo,IdeaPad Slim 5 82XE004RIN Laptop,58990,64.0,7th Gen AMD Ryzen 5 7530U,"Hexa Core, 12 Threads",DDR4,SSD,AMD Integrated SoC,14.0,Windows 11 OS,1,2304000.0,512.0,16.0,14,131,12,2,1
HP,Envy x360 13-bf0141tu Laptop,107190,67.0,12th Gen Intel Core i7 1250U,"10 Cores (2P + 8E), 12 Threads",LPDDR4X,SSD,Intel Integrated Iris Xe,13.3,Windows 11 OS,1,5184000.0,512.0,16.0,9,44,12,6,1
Chuwi,CoreBook X Pro Laptop,32999,69.32352941176471,10th Gen Intel Core i5 10210U,"Quad Core, 8 Threads",LPDDR4,SSD,Intel UHD Graphics,15.6,Windows 11 OS,1,2073600.0,512.0,16.0,5,3,12,5,1
HP,Omen 16-wd0770TX Gaming Laptop,102090,72.0,13th Gen Intel Core i5 13420H,"Octa Core (4P + 4E), 12 Threads",DDR5,SSD,6GB NVIDIA GeForce RTX 4050,16.1,Windows 11 OS,1,2073600.0,512.0,16.0,9,61,12,4,1
HP,Dragonfly G4 Laptop,231746,71.0,13th Gen Intel Core i7 1365U,"10 Cores (2P + 8E), 12 Threads",LPDDR5,SSD,Intel Iris Xe Graphics,13.5,Windows 11 OS,1,2457600.0,512.0,16.0,9,72,12,8,1
Asus,Vivobook 16X 2023 K3605ZC-MBN741WS Laptop,81990,72.0,12th Gen Intel Core i7 12650H,"10 Cores (6P + 4E), 16 Threads",DDR4,SSD,4GB NVIDIA GeForce RTX 3050,16.0,Windows 11 OS,1,2304000.0,512.0,16.0,3,48,12,2,1
Dell,Inspiron 3520 IN3520KTMFJ001ORS1 Laptop,36890,69.32352941176471,11th Gen Intel Core i3 1115G4,"Dual Core, 4 Threads",DDR4,SSD,Intel UHD Graphics,15.6,Windows 11 OS,1,2073600.0,512.0,8.0,6,15,12,2,1
Lenovo,LOQ 15IRH8 82XV00F6IN 2023 Gaming Laptop,87990,71.0,12th Gen Intel Core i5 12450H,"Octa Core (4P + 4E), 12 Threads",DDR5,SSD,6GB NVIDIA GeForce RTX 4050,15.6,Windows 11 OS,1,2073600.0,512.0,16.0,14,40,12,4,1
HP,Pavilion x360 14-ek1074TU Laptop,77990,67.0,13th Gen Intel Core i5 1335U,"10 Cores (2P + 8E), 12 Threads",DDR4,SSD,Intel Integrated Iris Xe,14.0,Windows 11 OS,1,2073600.0,512.0,16.0,9,58,12,2,1
Gigabyte,Aorus 15 9KF Gaming Laptop,117574,80.0,12th Gen Intel Core i5 12500H,"12 Cores (4P + 8E), 16 Threads",DDR5,SSD,8GB NVIDIA GeForce RTX 4060,15.6,Windows 11 OS,2,2073600.0,512.0,8.0,8,42,12,4,1
Lenovo,LOQ 15APH8 82XT004JIN 2023 Gaming Laptop,97990,73.0,7th Gen AMD Ryzen 7 7840HS,"Octa Core, 16 Threads",DDR5,SSD,6GB NVIDIA GeForce RTX 4050,15.6,Windows 11 OS,1,2073600.0,512.0,16.0,14,139,12,4,1
MSI,Vector GP68HX 13VH-072IN Gaming Laptop,284990,89.0,13th Gen Intel Core i9 13980HX,"24 Cores (8P + 16E), 32 Threads",DDR5,SSD,12GB NVIDIA GeForce RTX 4080,16.0,Windows 11 OS,2,4096000.0,1024.0,32.0,15,79,12,4,1
MSI,Vector GP78HX 13VI-409IN Gaming Laptop,344990,69.32352941176471,13th Gen Intel Core i9 13980HX,"24 Cores (8P + 16E), 32 Threads",DDR5,SSD,16GB NVIDIA GeForce RTX 4090,17.0,Windows 11 OS,2,4096000.0,2048.0,32.0,15,79,12,4,1
HP,Omen 16-wf0111TX Gaming Laptop,146599,77.0,13th Gen Intel Core i7 13700HX,"16 Cores (8P + 8E), 24 Threads",DDR5,SSD,8GB NVIDIA GeForce RTX 4060,16.1,Windows 11 OS,1,2073600.0,1024.0,16.0,9,74,12,4,1
Acer,Aspire 5 A515-56G NX.AT2SI.001 Laptop,44990,65.0,11th Gen Intel Core i5 1135G7,"Quad Core, 8 Threads",DDR4,SSD,2GB NVIDIA GeForce MX450,15.6,Windows 11 OS,1,2073600.0,512.0,8.0,1,23,12,2,1
Lenovo,IdeaPad Slim 5 Light 14ABR8 82XS002RIN Laptop,57990,67.0,7th Gen AMD Ryzen 5 7530U,"Hexa Core, 12 Threads",DDR4,SSD,AMD Radeon Graphics,14.0,Windows 11 OS,1,2073600.0,512.0,16.0,14,131,12,2,1
HP,Omen 16-xf0059AX Gaming Laptop,128599,73.0,7th Gen AMD Ryzen 7 7840HS,"Octa Core, 16 Threads",DDR5,SSD,8GB NVIDIA GeForce RTX 4060,16.0,Windows 11 OS,1,2073600.0,512.0,16.0,9,139,12,4,1
Asus,Vivobook Go 15 E510MA-EJ001W Laptop,21990,69.32352941176471,intel Celeron  N4020,"Dual Core, 2 Threads",DDR4,SSD,Integrated Intel UHD Graphics,15.6,Windows 11 OS,1,2073600.0,256.0,4.0,3,183,12,2,1
HP,Omen 16-wf0055TX Gaming Laptop,151990,77.0,13th Gen Intel Core i7 13700HX,"16 Cores (8P + 8E), 24 Threads",DDR5,SSD,8GB NVIDIA GeForce RTX 4060,16.1,Windows 11 OS,1,2073600.0,512.0,16.0,9,74,12,4,1
Infinix,INBook X2 Plus Laptop,52990,62.0,11th Gen Intel Core i7 1195G7,"Quad Core, 8 Threads",LPDDR4X,SSD,Intel Integrated Iris Xe,15.6,Windows 11 OS,1,2073600.0,1024.0,16.0,12,32,12,6,1
Lenovo,ThinkBook 14s Yoga 20WEA00WIH Laptop,119888,75.0,11th Gen Intel Core i5 1155G7,"Quad Core, 8 Threads",DDR4,SSD,Intel Integrated,14.0,Windows 10 OS,1,2073600.0,1024.0,16.0,14,27,10,2,1
HP,255 G8 Laptop,22990,69.32352941176471,3rd Gen AMD Athlon  3050U,"Dual Core, 2 Threads",DDR4,SSD,AMD Integrated,15.6,Windows 11 OS,1,2073600.0,256.0,4.0,9,82,12,2,1
Lenovo,Yoga 6 83B2006BIN Laptop,76888,67.0,7th Gen AMD Ryzen 5 7530U,"Hexa Core, 12 Threads",LPDDR4X,SSD,AMD Radeon Graphics,13.3,Windows 11 OS,1,2304000.0,512.0,16.0,14,131,12,6,1
Dell,XPS 15 9530 Laptop,256990,85.0,13th Gen Intel Core i7 13700H,"14 Cores (6P + 8E), 20 Threads",DDR5,SSD,6GB NVIDIA RTX 4050,15.6,Windows 11 OS,1,7464960.0,1024.0,16.0,6,73,12,4,1
Dell,Inspiron 5330 Laptop,83090,60.0,13th Gen Intel Core i5 1340P,"12 Cores (4P + 8E), 16 Threads",LPDDR5,SSD,Intel Iris Xe Graphics,13.3,Windows 11 OS,1,4096000.0,512.0,16.0,6,59,12,8,1
Dell,Inspiron 5518 D560667WIN9S Laptop,67999,65.0,11th Gen Intel Core i5 11320H,"Quad Core, 8 Threads",DDR4,SSD,2GB NVIDIA GeForce MX450,15.6,Windows 11 OS,1,2073600.0,512.0,16.0,6,22,12,2,1
Acer,Nitro 5 AN515-58 NH.QFHSI.007 Gaming Laptop,96256,72.0,12th Gen Intel Core i7 12700H,"14 Cores (6P + 8E), 20 Threads",DDR4,SSD,4GB NVIDIA GeForce RTX 3050,15.6,Windows 11 OS,1,2073600.0,512.0,16.0,1,51,12,2,1
MSI,Prestige 14 Evo B12M-472IN Laptop,77990,63.0,12th Gen Intel Core i5 1240P,"12 Cores (4P + 8E), 16 Threads",LPDDR5,SSD,Intel Integrated Iris Xe,14.0,Windows 11 OS,1,2073600.0,512.0,16.0,15,39,12,8,1
Dell,Alienware X16 R1 2023 Gaming Laptop,323290,85.0,13th Gen Intel Core i9 13900HX,"24 Cores (8P + 16E), 32 Threads",DDR5,SSD,12GB NVIDIA GeForce RTX 4080,16.0,Windows 11 OS,1,5760000.0,1024.0,32.0,6,76,12,4,1
Dell,Inspiron 5425 Laptop,67990,65.0,5th Gen AMD Ryzen 7 5825U,"Octa Core, 16 Threads",DDR4,SSD,AMD Radeon Radeon,14.0,Windows 11 OS,1,2073600.0,512.0,16.0,6,118,12,2,1
MSI,Prestige 13 Evo B12M-085IN Laptop,82990,65.0,12th Gen Intel Core i5 1240P,"12 Cores (4P + 8E), 16 Threads",LPDDR5,SSD,Intel Integrated Iris Xe,13.3,Windows 11 OS,2,2304000.0,512.0,8.0,15,39,12,8,1
Dell,Alienware m16 2023 Gaming Laptop,199990,80.0,7th Gen Amd Ryzen 7 7745HX,"Octa Core, 16 Threads",DDR5,SSD,8GB NVIDIA GEFORCE RTX 4060,16.0,Windows 11 OS,1,2304000.0,1024.0,16.0,6,147,12,4,1
Gigabyte,Aero 16 XE5 OLED Laptop,189999,77.0,12th Gen Intel Core i7 12700H,"14 Cores (6P + 8E), 20 Threads",DDR5,SSD,8GB NVIDIA GeForce RTX 3070Ti,16.0,Windows 11  OS,2,9216000.0,1024.0,16.0,8,51,11,4,1
Lenovo,Yoga 6 83B2005TIN Laptop,73990,69.0,7th Gen AMD Ryzen 5 7530U,"Hexa Core, 12 Threads",DDR4,SSD,AMD Radeon,13.3,Windows 11 OS,3,2304000.0,512.0,16.0,14,131,12,2,1
Asus,Vivobook Pro 15 M6500QC-LK542WS Laptop,67990,70.0,5th Gen AMD Ryzen 5  5600H,"Hexa Core, 12 Threads",DDR4,SSD,4GB NVIDIA GeForce RTX 3050,15.6,Windows 11 OS,1,2073600.0,512.0,16.0,3,100,12,2,1
Asus,ROG Zephyrus G16 2023 GU603ZU-N3023WS Laptop,142990,82.0,12th Gen Intel Core i7 12700H,"14 Cores (6P + 8E), 20 Threads",DDR4,SSD,6GB NVIDIA GeForce RTX 4050,16.0,Windows 11 OS,1,4096000.0,1024.0,16.0,3,51,12,2,1
Lenovo,IdeaPad Flex 5 82R900D9IN Laptop,64990,72.0,5th Gen AMD Ryzen 7 5700U,"Octa Core, 16 Threads",DDR4,SSD,AMD Radeon,14.0,Windows 11 OS,1,2304000.0,512.0,16.0,14,113,12,2,1
Asus,Vivobook 16X 2023 K3605ZF-MBN741WS Laptop,84800,75.0,12th Gen Intel Core i7 12650H,"10 Cores (6P + 4E), 16 Threads",DDR4,SSD,4GB NVIDIA GeForce RTX 2050,16.0,Windows 11 OS,1,2304000.0,512.0,16.0,3,48,12,2,1
Lenovo,IdeaPad Flex 5 82XX007KIN Laptop,64990,69.0,7th Gen AMD Ryzen 5 7530U,"Hexa Core, 12 Threads",LPDDR4X,SSD,AMD Radeon AMD,14.0,Windows 11 OS,1,2304000.0,512.0,16.0,14,131,12,6,1
Acer,Nitro 16 ‎AN16-41 Gaming Laptop,129990,80.0,7th Gen AMD Ryzen 7 7840HS,"Octa Core, 16 Threads",DDR5,SSD,8GB NVIDIA GeForce RTX 4060,16.0,Windows 11 OS,1,2304000.0,512.0,16.0,1,139,12,4,1
Acer,Nitro 16 ‎AN16-41 2023 Gaming Laptop,114990,78.0,7th Gen AMD Ryzen 7 7840HS,"Octa Core, 16 Threads",DDR5,SSD,8GB NVIDIA GeForce RTX 4060,16.0,Windows 11 OS,1,2304000.0,512.0,8.0,1,139,12,4,1
Acer,Aspire 5 2023 A515-58M Gaming Laptop,80000,69.32352941176471,13th Gen Intel Core i7 1355U,"10 Cores (2P + 8E), 12 Threads",LPDDR5,SSD,4GB NVIDIA GeForce RTX2050,15.6,Windows 11 OS,1,2073600.0,512.0,8.0,1,66,12,8,1
Acer,Aspire 5 15 A515-58M Gaming Laptop,54990,60.0,13th Gen Intel Core i5 1335U,"10 Cores (2P + 8E), 12 Threads",LPDDR5,SSD,4GB NVIDIA GeForce RTX2050,15.6,Windows 11 OS,1,2073600.0,512.0,16.0,1,58,12,8,1
LG,Gram 14 2023 ‎‎14Z90R-G.CH54A2 Laptop,98999,67.0,13th Gen Intel Core i5 1340P,"12 Cores (4P + 8E), 16 Threads",LPDDR5,SSD,Intel Iris Xe Graphics,14.0,Windows 11 OS,1,2304000.0,512.0,16.0,13,59,12,8,1
Dell,Latitude 5420 Business Laptop,69990,62.0,10th Gen Intel Core i5 10310U,"Quad Core, 8 Threads",DDR4,SSD,Intel UHD Graphics,14.0,Windows 10  OS,1,2073600.0,512.0,8.0,6,6,9,2,1
Asus,Vivobook Pro 15 M6500QC-LK742WS Laptop,76990,72.0,5th Gen AMD Ryzen 7 5800H,"Octa Core, 16 Threads",DDR4,SSD,4GB NVIDIA GeForce RTX 3050,15.6,Windows 11 OS,1,2073600.0,512.0,16.0,3,114,12,2,1
Fujitsu,UH-X ‎4ZR1L12857 Laptop,74990,66.0,13th Gen Intel Core i5 1335U,"10 Cores (2P + 8E), 12 Threads",LPDDR5,SSD,Intel Iris Xe Graphics,14.0,Windows 11 OS,2,2304000.0,512.0,16.0,7,58,12,8,1
Fujitsu,UH-X ‎4ZR1L12856 Laptop,89990,73.0,13th Gen Intel Core i7 1360P,"12 Cores (4P + 8E), 16 Threads",LPDDR5,SSD,Intel Iris Xe Graphics,14.0,Windows 11 OS,2,2304000.0,512.0,16.0,7,68,12,8,1
HP,15s-fq3073TU Laptop Intel Pentium Silver N6000/ 8GB/ 512GB SSD/ Win11 Home),29999,69.32352941176471,Intel Pentium Silver   N6000 ,"Quad Core, 4 Threads",DDR4,SSD,Intel Integrated UHD Graphics,15.6,Windows 11  OS,1,1049088.0,512.0,8.0,9,179,11,2,1
HP,ZBook Firefly 16 G9 2023 Workstation Laptop,97705,67.0,12th Gen Intel Core i5 1235U,"10 Cores (2P + 8E), 12 Threads",DDR5,SSD,4GB NVIDIA RTX A500 ,16.0,Windows 11 OS,1,2304000.0,512.0,16.0,9,37,12,4,1
HP,ZBook Studio G9 16 Workstation WQUXGA Laptop,240707,89.0,12th Gen Intel Core i9 12900H,"14 Cores (6P + 8E), 20 Threads",DDR5,SSD,6GB NVIDIA GeForce RTX 3060,16.0,Windows 11 OS,1,9216000.0,1024.0,32.0,9,53,12,4,1
HP,ZBook Studio G9 WUXGA Workstation Laptop,234990,83.0,12th Gen Intel Core i7 12700H ,"14 Cores (6P + 8E), 20 Threads",DDR5,SSD,8GB NVIDIA GeForce RTX 3070 Ti ,16.0,Windows 11 OS,1,2304000.0,1024.0,16.0,9,52,12,4,1
HP,ZBook Studio G9 16 WUXGA Workstation Laptop,209990,80.0,12th Gen Intel Core i7 12700H ,"14 Cores (6P + 8E), 20 Threads",DDR5,SSD,6GB NVIDIA GeForce RTX 3060,16.0,Windows 11 OS,1,2304000.0,1024.0,16.0,9,52,12,4,1
HP,ZBook Studio G9 2023 Workstation WQUXGA Laptop,390914,69.32352941176471,12th Gen Intel Core i9 12900H,"14 Cores (6P + 8E), 20 Threads",DDR5,SSD,12GB NVIDIA GeForce RTX 3080 Ti,16.0,Windows 11 OS,1,9216000.0,1024.0,32.0,9,53,12,4,1
HP,ZBook Studio G9 Workstation WQUXGA Laptop,172588,84.0,12th Gen Intel Core i7 12700H ,"14 Cores (6P + 8E), 20 Threads",DDR5,SSD,6GB NVIDIA GeForce RTX 3060,16.0,Windows 11 OS,1,9216000.0,1024.0,16.0,9,52,12,4,1
HP,ZBook Studio G9 Workstation Laptop,254657,86.0,12th Gen Intel Core i7 12700H ,"14 Cores (6P + 8E), 20 Threads",DDR5,SSD,8GB NVIDIA GeForce RTX 3070 Ti ,16.0,Windows 11 OS,1,9216000.0,1024.0,16.0,9,52,12,4,1
LG,gram360 16 Laptop,152499,78.0,13th Gen Intel Core i7 1360P,"12 Cores (4P + 8E), 16 Threads",LPDDR5,SSD,Intel Iris Xe Graphics ,16.0,Windows 11 OS,1,4096000.0,1024.0,16.0,13,68,12,8,1
Lenovo,IdeaPad 1 82V6005CIN Laptop,23990,69.32352941176471,Intel Celeron  N4020 ,"Dual Core, 2 Threads",DDR4,SSD,Intel UHD Graphics 600,11.6,Windows 11 OS,1,1049088.0,256.0,4.0,14,172,12,2,1
Asus,ROG Zephyrus G14 GA402NJ-L8094WS Gaming Laptop,119990,71.0,6th Gen AMD Ryzen 7  7735HS,"Octa Core, 16 Threads",DDR5,SSD,6GB NVIDIA GeForce RTX 3050 ,14.0,Windows 11 OS,1,4096000.0,512.0,16.0,3,121,12,4,1
LG,UltraPC 16 ‎16U70R-G.AH56A2 Laptop,78299,72.0,7th Gen AMD Ryzen 5 7530U,"Hexa Core, 12 Threads",DDR4,SSD,AMD Radeon 7 Graphics,16.0,Windows 11 OS,1,2304000.0,512.0,16.0,13,131,12,2,1
LG,Gram 14 2023 ‎14Z90R-G.CH75A2 Laptop,115990,69.0,13th Gen Intel Core i7 1360P,"12 Cores (4P + 8E), 16 Threads",LPDDR5,SSD,Intel Iris Xe Graphics,14.0,Windows 11 OS,1,2304000.0,512.0,16.0,13,68,12,8,1
Asus,Vivobook 15 2023 X1504VA-NJ544WS Laptop,61990,65.0,13th Gen Intel Core i5 1335U,"10 Cores (2P + 8E), 12 Threads",DDR4,SSD,Integrated Intel Iris Xe Graphics,15.6,Windows 11 OS,1,2073600.0,512.0,16.0,3,58,12,2,1
HP,255 G8 6E3Z0PA Laptop,26999,69.32352941176471,3rd Gen AMD Ryzen 3  3250U,"Dual Core, 4 Threads",DDR4,SSD,AMD Radeon Graphics,15.6,DOS OS,1,1049088.0,512.0,8.0,9,85,3,2,1
HP,Omen 16-wd0990TX Gaming Laptop,103099,73.0,13th Gen Intel Core i5 13420H,"Octa Core (4P + 4E), 12 Threads",DDR5,SSD,6GB NVIDIA GeForce RTX 4050,16.1,Windows 11 OS,1,3686400.0,512.0,16.0,9,61,12,4,1
Infinix,Zerobook 13 ZL513 2023 Laptop,64990,63.0,13th Gen Intel Core i7 13700H,"14 Cores (6P + 8E), 20 Threads",LPDDR5X,SSD,Intel Integrated Iris Xe,15.6,Windows 11 OS,1,2073600.0,1024.0,32.0,12,73,12,9,1
Lenovo,S14 Gen 3 82TW001CIH Laptop,47990,62.0,12th Gen Intel Core i5 1235U,"10 Cores (2P + 8E), 12 Threads",DDR4,SSD,Intel UHD Graphics,14.0,Windows 11 OS,2,2073600.0,512.0,8.0,14,37,12,2,1
Lenovo,IdeaPad 1 14IGL7 82V6005EIN Laptop,24990,69.32352941176471,4th Gen Intel Celeron N4020,"Dual Core, 2 Threads",DDR4,SSD,Intel Integrated UHD,14.0,Windows 10 OS,1,1049088.0,256.0,8.0,14,91,10,2,1
Lenovo,ThinkPad T14 Gen 2 20W0S16Q00 Laptop,130800,69.0,11th Gen Intel Core i7 1165G7 ,"Quad Core, 8 Threads",DDR4,SSD,2GB NVIDIA GeForce MX450,14.0,Windows 11 OS,1,2073600.0,512.0,16.0,14,29,12,2,1
MSI,Thin GF63 11SC-1462IN Gaming Laptop,57990,71.0,11th Gen Intel Core i7 11800H,"Octa Core, 16 Threads",DDR4,SSD,4GB NVIDIA GeForce GTX 1650,15.6,Windows 11 OS,2,2073600.0,512.0,16.0,15,30,12,2,1
Lenovo,ThinkBook 15 21JF002CIN Laptop,38500,69.32352941176471,7th Gen AMD Ryzen 3 7330U,"Quad Core, 8 Threads",DDR4,SSD,AMD Radeon AMD,15.6,DOS OS,1,2073600.0,512.0,8.0,14,127,3,2,1
MSI,Thin GF63 11SC-1477IN Gaming Laptop,47990,67.0,11th Gen Intel Core i5 11260H,"Hexa Core, 12 Threads",DDR4,SSD,4GB NVIDIA GeForce GTX 1650,15.6,Windows 11 OS,2,2073600.0,512.0,8.0,15,19,12,2,1
Lenovo,ThinkPad E14 21JRS00Y00 Laptop,44990,60.0,7th Gen AMD Ryzen 3 7330U,"Quad Core, 8 Threads",DDR4,SSD,AMD Radeon Graphics,14.0,Windows 11 OS,1,2304000.0,512.0,8.0,14,127,12,2,1
MSI,Katana GF66 12UCOK 2023 Gaming Laptop,69990,65.0,12th Gen Intel Core i5 12450H ,"Octa Core (4P + 4E), 12 Threads",DDR5,SSD,4GB NVIDIA GeForce RTX 3050,15.6,Windows 11 OS,2,2073600.0,512.0,16.0,15,41,12,4,1
Asus,Vivobook 15 2023 X1504VA-NJ543WS Laptop,61990,64.0,13th Gen Intel Core i5 1335U,"10 Cores (2P + 8E), 12 Threads",DDR4,SSD,Integrated Intel Iris Xe Graphics,15.6,Windows 11 OS,1,2073600.0,512.0,16.0,3,58,12,2,1
Asus,Vivobook 16X 2023 K3605ZU-MB541WS Laptop,89990,75.0,12th Gen Intel Core i5 12450H,"Octa Core (4P + 4E), 12 Threads",DDR4,SSD,6GB NVIDIA Geforce RTX 4050,16.0,Windows 11 OS,1,2304000.0,512.0,16.0,3,40,12,2,1
Asus,Vivobook 15 OLED 2023 X1505VAU-LK543WS Laptop,65990,60.0,13th Gen ‎Intel Core i5 1335U,"10 Cores (2P + 8E), 12 Threads",DDR4,SSD,Integrated Intel Iris Xe Graphics,15.6,Windows 11 OS,1,2073600.0,512.0,16.0,3,81,12,2,1
Lenovo,ThinkPad E14 21JRS00T00 Laptop,58990,62.0,7th Gen AMD Ryzen 5 7530U,"Hexa Core, 12 Threads",DDR4,SSD,AMD Radeon Graphics,14.0,Windows 11 OS,1,2304000.0,512.0,8.0,14,131,12,2,1
HP,Envy x360 15-fe0028TU Laptop,94990,66.0,13th Gen Intel Core i5 1335U,"10 Cores (2P + 8E), 12 Threads",LPDDR5,SSD,Intel Integrated Iris Xe,15.6,Windows 11 OS,1,2073600.0,512.0,16.0,9,58,12,8,1
HP,Envy x360 15-fh0019AU Laptop,86490,70.0,7th Gen AMD Ryzen 7 7730U,"Octa Core, 16 Threads",LPDDR5,SSD,AMD Radeon AMD,15.6,Windows 11 OS,1,2073600.0,512.0,16.0,9,135,12,8,1
HP,Envy x360 15-fh0015AU Laptop,77490,66.0,7th Gen AMD Ryzen 5 7530U,"Hexa Core, 12 Threads",LPDDR5,SSD,AMD Radeon AMD,15.6,Windows 11 OS,1,2073600.0,512.0,16.0,9,131,12,8,1
HP,Envy x360 15-fh0016AU Laptop,85490,66.0,7th Gen AMD Ryzen 5 7530U,"Hexa Core, 12 Threads",LPDDR5,SSD,AMD Radeon AMD,15.6,Windows 11 OS,1,2073600.0,512.0,16.0,9,131,12,8,1
Lenovo,IdeaPad Slim 3 2023 82X70033IN Laptop,44000,69.32352941176471,13th Gen Intel Core i3 1305U,"5 Cores (1P + 4E), 6 Threads",LPDDR5,SSD,Integrated Intel UHD Graphics,15.6,Windows 11 OS,1,2073600.0,512.0,8.0,14,55,12,8,1
HP,14-em0027AU Laptop,51990,60.0,7th Gen AMD Ryzen 5 7520U,"Quad Core, 8 Threads",LPDDR5,SSD,AMD Radeon AMD,14.0,Windows 11 OS,1,2073600.0,512.0,16.0,9,129,12,8,1
Dell,Vostro 15 3510 Laptop,37990,60.0,11th Gen Intel Core i3 1115G4,"Dual Core, 4 Threads",DDR4,Hard-Disk,Intel UHD Graphics,15.6,Windows 11 OS,1,2073600.0,1024.0,8.0,6,15,12,2,0
HP,14-em0025AU Laptop,34990,69.32352941176471,7th Gen AMD Ryzen 3 7320U,"Quad Core, 8 Threads",LPDDR5,SSD,AMD Radeon AMD,14.0,Windows 11 OS,1,2073600.0,512.0,8.0,9,126,12,8,1
Lenovo,ThinkPad E14 21JRS00U00 Laptop,57799,64.0,7th Gen AMD Ryzen 5 7530U,"Hexa Core, 12 Threads",DDR4,SSD,AMD Radeon Graphics,14.0,Windows 11 OS,1,2073600.0,512.0,16.0,14,131,12,2,1
Lenovo,Thinkpad E15 21E6S05B00 Laptop,65990,67.0,12th Gen Intel Core i5 1235U,"10 Cores (2P + 8E), 12 Threads",DDR4,SSD,Intel UHD Graphics,15.6,Windows 11 OS,1,2073600.0,512.0,8.0,14,37,12,2,1
Lenovo,Thinkbook 15 21DJ00EXIH Laptop,53990,66.0,12th Gen Intel Core i5 1235U,"10 Cores (2P + 8E), 12 Threads",DDR4,SSD,Iris Xe Graphics,15.6,Windows 11 OS,1,2073600.0,512.0,8.0,14,37,12,2,1
Lenovo,IdeaPad Gaming 3 15ACH6 82K2025JIN Laptop,49990,67.0,5th Gen AMD Ryzen 5  5600H,"Hexa Core, 12 Threads",DDR4,SSD,4GB NVIDIA GeForce GTX 1650,15.6,Windows 11 OS,1,2073600.0,512.0,8.0,14,100,12,2,1
MSI,Stealth 15 A13VF-074IN Gaming Laptop,171990,79.0,13th Gen Intel Core i7 13620H,"10 Cores (6P + 4E), 16 Threads",DDR5,SSD,8GB NVIDIA GeForce RTX 4060,15.6,Windows 11 OS,2,3686400.0,1024.0,16.0,15,70,12,4,1
HP,14-gr0000TU Laptop,44990,69.32352941176471,13th Gen Intel Core i3 1315U,"Hexa Core (2P + 4E), 8 Threads",DDR4,SSD,Intel UHD Graphics,14.0,Windows 11 OS,1,2073600.0,512.0,8.0,9,56,12,2,1
HP,Envy 15-fe0032TU Laptop,115990,70.0,13th Gen Intel Core i7 1355U,"10 Cores (2P + 8E), 12 Threads",LPDDR5,SSD,Intel Iris X Graphics,15.6,Windows 11 OS,1,2073600.0,1024.0,16.0,9,66,12,8,1
HP,14-hr0000AU Laptop,50990,60.0,7th Gen AMD Ryzen 5 7520U,"Quad Core, 8 Threads",LPDDR5,SSD,AMD Radeon AMD,14.0,Windows 11 OS,1,2073600.0,512.0,16.0,9,129,12,8,1
HP,Envy 15-fe0030TU Laptop,109990,69.0,13th Gen Intel Core i7 1355U,"10 Cores (2P + 8E), 12 Threads",LPDDR5,SSD,Intel Iris X Graphics,15.6,Windows 11 OS,1,2073600.0,512.0,16.0,9,66,12,8,1
Acer,One 14 Z2-493 Laptop,29990,69.32352941176471,3rd Gen AMD Ryzen 5 3500U,"Quad Core, 8 Threads",DDR4,SSD,AMD Radeon Graphics,14.0,Windows 11 OS,1,1049088.0,256.0,8.0,1,88,12,2,1
Asus,ROG Zephyrus G14 2023 GA402XU-N2045WS Gaming Laptop,163999,83.0,7th Gen AMD Ryzen 9 7940HS,"Octa Core, 16 Threads",DDR5,SSD,6GB NVIDIA GeForce RTX 4050,14.0,Windows 11 OS,1,4096000.0,1024.0,16.0,3,143,12,4,1
Asus,TUF Gaming F15 FX506HF-HN026W Gaming Laptop,58990,71.0,11th Gen Intel Core i5 11400H ,"Hexa Core, 12 Threads",DDR4,SSD,4GB NVIDIA GeForce RTX 2050,15.6,Windows 11 OS,1,2073600.0,1024.0,8.0,3,26,12,2,1
Dell,Inspiron 5430 2023 Laptop,83990,69.32352941176471,13th Gen Intel Core i7 1355U,"10 Cores (2P + 8E), 12 Threads",LPDDR5,SSD,Intel Iris Xe Graphics,14.0,Windows 11 OS,1,2073600.0,512.0,16.0,6,66,12,8,1
Dell,Inspiron 3525 Laptop,43890,63.0,5th Gen AMD Ryzen 5 5500U,"Hexa Core, 12 Threads",DDR4,SSD,AMD Radeon Radeon Graphics,15.6,Windows 11 OS,1,2073600.0,512.0,8.0,6,104,12,2,1
Ninkear,A16 Gaming Laptop,79999,76.0,7th Gen AMD Ryzen 7 7735HS,"Octa Core, 16 Threads",DDR5,SSD,AMD Radeon 680M,16.0,Windows 11 OS,1,4096000.0,2048.0,32.0,17,136,12,4,1
Lenovo,IdeaPad 3 15ITL05 81X800N2IN Laptop,35490,69.32352941176471,11th Gen Intel Core i3 1115G4,"Dual Core, 4 Threads",DDR4,SSD,Intel Iris Xe Graphics,15.6,Windows 11 OS,1,2073600.0,512.0,8.0,14,15,12,2,1
HP,Zbook Power G4-A ZHAN 99 Laptop,137890,77.0,6th Gen AMD Ryzen 7 6800H,"Octa Core, 16 Threads",DDR5,SSD,4GB NVIDIA Quadro T600,15.6,Windows 11 OS,1,2073600.0,1024.0,32.0,9,122,12,4,1
Dell,Inspiron 7420 2in1 Laptop,94990,67.0,12th Gen Intel Core i7 1255U,"10 Cores (2P + 8E), 12 Threads",DDR4,SSD,Intel Iris Xe Graphics,14.0,Windows 11 OS,1,2304000.0,512.0,16.0,6,45,12,2,1
Lenovo,IdeaPad Gaming 3 15IAH7 82S9014KIN Laptop,67990,70.0,12th Gen Intel Core i5 12450H,"Octa Core (4P + 4E), 12 Threads",DDR4,SSD,4GB NVIDIA GeForce RTX 3050,15.6,Windows 11 OS,1,2073600.0,512.0,16.0,14,40,12,2,1
HP,14-em0026AU Laptop,46990,69.32352941176471,7th Gen AMD Ryzen 5 7520U,"Quad Core, 8 Threads",LPDDR5,SSD,AMD Radeon AMD,14.0,Windows 11 OS,1,2073600.0,512.0,8.0,9,129,12,8,1
Asus,Vivobook 16X 2023 K3605ZU-MB741WS Laptop,94990,77.0,12th Gen Intel Core i7 12650H,"10 Cores (6P + 4E), 16 Threads",DDR4,SSD,6GB NVIDIA Geforce RTX 4050,16.0,Windows 11 OS,1,2304000.0,512.0,16.0,3,48,12,2,1
MSI,GF75 Thin 10SCXR-007IN Laptop,83500,67.0,10th Gen Intel Core i7 10750H ,"Hexa Core, 12 Threads",DDR4,SSD,4GB NVIDIA GeForce GTX 1650,17.3,Windows 10  OS,1,2073600.0,512.0,8.0,15,11,9,2,1
MSI,Cyborg 15 A12VE-051IN Gaming Laptop,91990,73.0,12th Gen Intel Core i5 12450H,"Octa Core (4P + 4E), 12 Threads",DDR5,SSD,6GB NVIDIA GeForce RTX 4050,15.6,Windows 11 OS,2,2073600.0,512.0,16.0,15,40,12,4,1
MSI,Cyborg 15 A12VF-049IN Gaming Laptop,111990,78.0,12th Gen Intel Core i7 12650H,"10 Cores (6P + 4E), 16 Threads",DDR5,SSD,8GB NVIDIA GeForce RTX 4060,15.6,Windows 11 OS,2,2073600.0,512.0,16.0,15,48,12,4,1
HP,250 G9 701H5PA Laptop,67990,66.0,12th Gen Intel Core i5 1235U,"10 Cores (2P + 8E), 12 Threads",DDR4,SSD,Intel Iris Xe Graphics,15.6,Windows 11 OS,1,2073600.0,512.0,16.0,9,37,12,2,1
Lenovo,Thinkpad E14 21E3S06300 Laptop,67999,62.0,12th Gen Intel Core i5 1235U,"10 Cores (2P + 8E), 12 Threads",DDR4,SSD,Intel Iris Xe,14.0,DOS OS,1,2073600.0,512.0,8.0,14,37,3,2,1
Lenovo,‎ThinkPad E14 Gen 4 21E3S06Q00 Laptop,46200,69.32352941176471,12th Gen Intel Core i3 1215U,"Hexa Core (2P + 4E), 8 Threads",DDR4,SSD,Intel UHD,14.0,DOS OS,1,2073600.0,512.0,8.0,14,34,3,2,1
Dell,Vostro 5620 Laptop,52998,69.32352941176471,12th Gen Intel Core i3 1215U,"Hexa Core (2P + 4E), 8 Threads",DDR4,SSD,Intel UHD,16.0,Windows 11  OS,1,2073600.0,512.0,8.0,6,34,11,2,1
Dell,Vostro 3525 D560926WIN9B Laptop,45499,69.32352941176471,5th Gen AMD Ryzen 5 5500U,"Hexa Core, 12 Threads",DDR4,SSD,AMD Radeon Graphics,15.6,Windows 11 OS,1,2073600.0,512.0,8.0,6,104,12,2,1
Lenovo,‎ThinkPad E14 Gen 4 21E3S06D00 Laptop,49999,62.0,12th Gen Intel Core i3 1215U,"Hexa Core (2P + 4E), 8 Threads",DDR4,SSD,Intel UHD,14.0,Windows 11 OS,1,2073600.0,512.0,8.0,14,34,12,2,1
Acer,Aspire 3 A315-510P Laptop,29980,69.32352941176471,Intel Core i3 N305,"Octa Core, 8 Threads",DDR4,SSD,Intel UHD Graphics,15.6,Windows 11 OS,1,2073600.0,256.0,8.0,1,177,12,2,1
Dell,Inspiron 16 5635 Laptop,57290,60.0,7th Gen Amd Ryzen 5 7530U,"Hexa Core, 12 Threads",LPDDR5,SSD,AMD Radeon Graphics,16.0,Windows 11 OS,1,2304000.0,512.0,8.0,6,145,12,8,1
HP,Pavilion 14-dv1043TU Laptop,58990,62.0,11th Gen Intel Core i5 1155G7,"Quad Core, 8 Threads",DDR4,SSD,Intel Integrated Iris Xe,14.0,Windows 11 OS,1,2073600.0,512.0,8.0,9,27,12,2,1
Razer,Blade 14 2023 Gaming Laptop,199990,85.0,7th Gen Amd Ryzen 9 7940HS,"Octa Core, 16 Threads",DDR5,SSD,8GB NVIDIA GeForce RTX 4060,14.0,Windows 11 OS,1,4096000.0,1024.0,32.0,19,149,12,4,1
MSI,Bravo 15 C7UDXK-092IN Gaming Laptop,79990,70.0,7th Gen AMD Ryzen 7 7735HS,"Octa Core, 16 Threads",DDR5,SSD,6GB NVIDIA GeForce RTX 3050,15.6,Windows 11 OS,2,2073600.0,512.0,16.0,15,136,12,4,1
MSI,Bravo 15 C7UDXK-093IN Gaming Laptop,78990,69.0,7th Gen AMD Ryzen 5 7535HS,"Hexa Core, 12 Threads",DDR5,SSD,6GB NVIDIA GeForce RTX 3050,15.6,Windows 11 OS,2,2073600.0,512.0,16.0,15,132,12,4,1
Acer,Aspire 5 A514-56M 2023 Gaming Laptop,51990,69.32352941176471,13th Gen Intel Core i5 1335U,"10 Cores (2P + 8E), 12 Threads",LPDDR5,SSD,Intel Iris Xe Graphics,14.0,Windows 11 OS,1,2304000.0,512.0,8.0,1,58,12,8,1
MSI,Bravo 17 C7VFK-034IN Gaming Laptop,104990,78.0,7th Gen AMD Ryzen 7 7735HS,"Octa Core, 16 Threads",DDR5,SSD,8GB Nvidia GeForce RTX 4060,17.3,Windows 11 OS,1,2073600.0,1024.0,16.0,15,136,12,4,1
MSI,Bravo 15 C7VFK-087IN Gaming Laptop,104990,78.0,7th Gen AMD Ryzen 7  7735HS,"Octa Core, 16 Threads",DDR5,SSD,8GB Nvidia GeForce RTX 4060,15.6,Windows 11 OS,1,2073600.0,1024.0,16.0,15,134,12,4,1
Acer,One 14 2023 Z8-415 ‎Laptop,39990,69.32352941176471,11th Gen Intel Core i5  1135G7,"Quad Core, 8 Threads",DDR4,SSD,Intel Iris Xe Graphics,14.0,Windows 11 OS,1,2073600.0,512.0,8.0,1,18,12,2,1
MSI,Thin GF63 11UCX-1441IN Gaming Laptop,59990,71.0,11th Gen Intel Core i7 11800H,"Octa Core, 16 Threads",DDR4,SSD,4GB NVIDIA GeForce RTX 2050,15.6,Windows 11 OS,2,2073600.0,512.0,16.0,15,30,12,2,1
MSI,Thin GF63 11UCX-1471IN Gaming Laptop,47990,66.0,11th Gen Intel Core i5 11260H,"Hexa Core, 12 Threads",DDR4,SSD,4GB NVIDIA GeForce RTX 2050,15.6,Windows 11 OS,2,2073600.0,512.0,8.0,15,19,12,2,1
Asus,Vivobook 15 X1504ZA-NJ521WS Laptop,47890,69.32352941176471,12th Gen Intel Core i5 1235U,"10 Cores (2P + 8E), 12 Threads",DDR4,SSD,Integrated Intel Iris Xe Graphics,15.6,Windows 11 OS,1,2073600.0,512.0,8.0,3,37,12,2,1
MSI,Bravo 15 C7VEK-089IN Gaming Laptop,85490,75.0,7th Gen AMD Ryzen 5 7535HS,"Hexa Core, 12 Threads",DDR5,SSD,6GB Nvidia GeForce RTX 4050,15.6,Windows 11 OS,1,2073600.0,512.0,16.0,15,132,12,4,1
MSI,Bravo 15 C7VEK-088IN Gaming Laptop,94990,77.0,7th Gen AMD Ryzen 7  7735HS,"Octa Core, 16 Threads",DDR5,SSD,6GB Nvidia GeForce RTX 4050,15.6,Windows 11 OS,1,2073600.0,1024.0,16.0,15,134,12,4,1
MSI,Bravo 17 C7VEK-035IN Gaming Laptop,95490,77.0,7th Gen AMD Ryzen 7 7735HS,"Octa Core, 16 Threads",DDR5,SSD,6GB Nvidia GeForce RTX 4050,17.3,Windows 11 OS,1,2073600.0,1024.0,16.0,15,136,12,4,1
HP,255 G9 7M654PA Laptop,54999,63.0,12th Gen Intel Core i3 1215U,"Hexa Core (2P + 4E), 8 Threads",DDR4,SSD,AMD Radeon Graphics,15.6,Windows 11 OS,1,1049088.0,512.0,8.0,9,34,12,2,1
Lenovo,ThinkPad T14 2022 Laptop,159000,72.0,12th Gen Intel Core i7 1260P,"12 Cores (4P + 8E), 16 Threads",DDR4,SSD,Intel Iris Xe Graphics,14.0,Windows 11 OS,1,2304000.0,512.0,16.0,14,46,12,2,1
Dell,Inspiron 5620 ICC-C783531WIN8 Laptop,80610,70.0,12th Gen Intel Core i5 1240P,"12 Cores (4P + 8E), 16 Threads",DDR4,SSD,2GB NVIDIA GeForce MX570,16.0,Windows 11  OS,1,2073600.0,512.0,16.0,6,39,11,2,1
MSI,Prestige 13 Evo A12M-085IN Laptop,77990,66.0,12th Gen Intel Core i5 1240P,"12 Cores (4P + 8E), 16 Threads",LPDDR5,SSD,Intel Integrated Iris Xe,13.3,Windows 11 OS,2,2304000.0,512.0,8.0,15,39,12,8,1
Dell,XPS 17 9730 Laptop,303490,69.32352941176471,13th Gen Intel Core i7 13700H,"14 Cores (6P + 8E), 20 Threads",DDR5,SSD,8GB NVIDIA GeForce RTX 4060,17.0,Windows 11 OS,1,9216000.0,1024.0,32.0,6,73,12,4,1
Dell,XPS 13 Plus 9320 2023 Laptop,201990,82.0,13th Gen Intel Core i7 1360P,"12 Cores (4P + 8E), 16 Threads",LPDDR5,SSD,Intel Iris Xe Graphics,13.4,Windows 11 OS,1,9216000.0,1024.0,32.0,6,68,12,8,1
Dell,XPS 9530 2023 Laptop,278290,88.0,13th Gen Intel Core i7 13700H,"14 Cores (6P + 8E), 20 Threads",DDR5,SSD,6GB NVIDIA RTX 4050,15.6,Windows 11 OS,1,7464960.0,1024.0,32.0,6,73,12,4,1
Lenovo,Legion Pro 7i 2023 Gaming Laptop,286200,82.0,13th Gen Intel Core i9 13900HX,"24 Cores (8P + 16E), 32 Threads",DDR5,SSD,12GB NVIDIA Geforce RTX 4080,16.0,Windows 11 OS,1,4096000.0,1024.0,32.0,14,76,12,4,1
Lenovo,Legion Slim 7i 2023 Gaming Laptop,157544,71.0,13th Gen Intel Core i5 13500H ,"12 Cores (4P + 8E), 16 Threads",DDR5,SSD,8GB NVIDIA Geforce RTX 4060,16.0,Windows 11 OS,1,6400000.0,1024.0,16.0,14,64,12,4,1
Lenovo,Legion Pro 5 82WM00B5IN 2023 Gaming Laptop,140990,77.0,7th Gen AMD Ryzen 7 7745HX,"Octa Core, 16 Threads",DDR5,SSD,8GB NVIDIA Geforce RTX 4060,16.0,Windows 11 OS,1,4096000.0,1024.0,16.0,14,138,12,4,1
Lenovo,Thinkpad E14 G4 21E3S02M00 Laptop,133000,75.0,12th Gen Intel Core i7 1255U,"10 Cores (2P + 8E), 12 Threads",DDR4,SSD,Intel Iris Xe Graphics,14.0,Windows 11 OS,1,2073600.0,512.0,16.0,14,45,12,2,1
Lenovo,Thinkpad E14 G4 21E3006UIG Laptop,72500,63.0,12th Gen Intel Core i5 1235U,"10 Cores (2P + 8E), 12 Threads",DDR4,SSD,Intel Iris Xe Graphics,14.0,DOS OS,1,2073600.0,512.0,8.0,14,37,3,2,1
LG,Gram 14 2023 14Z90R Laptop,127000,70.0,13th Gen Intel Core i5 1340P,"12 Cores (4P + 8E), 16 Threads",LPDDR5,SSD,Intel Iris Xe Graphics,14.0,Windows 11 OS,1,2304000.0,512.0,8.0,13,59,12,8,1
LG,Gram 17 2023 17Z90R-G.CH77A2 Laptop,146990,76.0,13th Gen Intel Core i7 1360P,"12 Cores (4P + 8E), 16 Threads",LPDDR5,SSD,4GB Nvidia RTX 3050,17.0,Windows 11 OS,1,4096000.0,1024.0,16.0,13,68,12,8,1
LG,Gram 16 2023 16Z90R Laptop,142990,76.0,13th Gen Intel Core i7 1360P,"12 Cores (4P + 8E), 16 Threads",LPDDR5,SSD,4GB Nvidia RTX 3050,16.0,Windows 11 OS,1,4096000.0,1024.0,16.0,13,68,12,8,1
LG,Gram 2 in 1 16 Laptop,205000,72.0,13th Gen Intel Core i5 1340P,"12 Cores (4P + 8E), 16 Threads",LPDDR5,SSD,Intel Iris Xe Graphics ,16.0,Windows 11 OS,1,4096000.0,256.0,8.0,13,59,12,8,1
LG,UltraPC 16 16U70R-G.AH76A2 Laptop,89799,75.0,7th Gen AMD Ryzen 7 7730U,"Octa Core, 16 Threads",DDR4,SSD,AMD Radeon 7 Graphics,16.0,Windows 11 OS,1,2304000.0,512.0,16.0,13,135,12,2,1
Lenovo,Thinkbook 14 Gen 4 Laptop,63999,62.0,12th Gen Intel Core i5 1235U,"10 Cores (2P + 8E), 12 Threads",DDR4,SSD,Integrated Intel UHD Graphics,14.0,Windows 11 OS,1,2073600.0,1024.0,16.0,14,37,12,2,1
Dell,Inspiron 3525 D560927WIN9S Laptop,43490,69.32352941176471,5th Gen AMD Ryzen 5  5500u,"Hexa Core, 12 Threads",DDR4,SSD,AMD Radeon,15.6,Windows 11 OS,1,2073600.0,512.0,8.0,6,99,12,2,1
AXL,Vayu Book LAP01 Laptop,12990,69.32352941176471,Intel Celeron  N4020,"Dual Core, 2 Threads",DDR4,SSD,Intel Integrated UHD Graphics,14.1,Windows 11 OS,1,2073600.0,128.0,4.0,0,171,12,2,1
AXL,Vayu Book LAP02 Laptop,15990,69.32352941176471,Intel Celeron  N4020,"Dual Core, 2 Threads",DDR4,SSD,Intel Integrated UHD Graphics,15.6,Windows 11 OS,1,2073600.0,256.0,4.0,0,171,12,2,1
MSI,Modern 14 C12M-444IN Laptop,36990,62.0,12th Gen Intel Core i3 1215U,"Hexa Core (2P + 4E), 8 Threads",DDR4,SSD,Intel Integrated UHD,14.0,Windows 11 OS,1,2073600.0,512.0,16.0,15,34,12,2,1
Asus,Vivobook 14X 90NB11H2-M004D0 Laptop,63990,69.0,12th Gen Intel Core i5 12450H,"Octa Core (4P + 4E), 12 Threads",DDR4,SSD,4GB NVIDIA GeForce RTX 2050,14.0,Windows 11 OS,1,2304000.0,512.0,16.0,3,40,12,2,1
Lenovo,S14 82TW0019IH Laptop,45990,69.32352941176471,12th Gen Intel Core i5 1235U,"10 Cores (2P + 8E), 12 Threads",DDR4,SSD,Integrated Intel UHD Graphics,14.0,Windows 11 OS,1,2073600.0,512.0,8.0,14,37,12,2,1
Lenovo,V15 G2 ALC 82KDA01YIH Laptop,34990,69.32352941176471,5th Gen AMD Ryzen 5 5500U,"Hexa Core, 12 Threads",DDR4,SSD,AMD Radeon AMD,15.6,DOS OS,1,2073600.0,512.0,8.0,14,104,3,2,1
Lenovo,ThinkBook 15 G3 ACL 21A4A08VIH Laptop,41490,69.32352941176471,5th Gen AMD Ryzen 5 5500U,"Hexa Core, 12 Threads",DDR4,SSD,AMD Radeon AMD,15.6,Windows 11 OS,1,2073600.0,512.0,8.0,14,104,12,2,1
Asus,Vivobook Pro 15 M6500QF-HN741WS  Laptop,64990,64.0,5th Gen AMD Ryzen 7 5800H,"Octa Core, 16 Threads",DDR4,SSD,4GB NVIDIA GeForce RTX 2050,15.6,Windows 11 OS,1,2073600.0,512.0,16.0,3,114,12,2,1
HP,Victus 16 7K4J6PAACJ Laptop,57990,70.0,11th Gen Intel Core i5 11400H ,"Hexa Core, 12 Threads",DDR4,SSD,4GB NVIDIA GeForce GTX 1650 ,16.1,Windows 11 OS,1,2073600.0,512.0,8.0,9,26,12,2,1
Acer,Aspire 7 A715-76G UN.QMESI.003 Gaming Laptop,54990,69.0,12th Gen Intel Core i5 12450H,"Octa Core (4P + 4E), 12 Threads",DDR4,SSD,4GB NVIDIA GeForce GTX 1650,15.6,Windows 11 OS,1,2073600.0,512.0,16.0,1,40,12,2,1
Dell,Alienware x14 R2 Gaming Laptop,208990,72.0,13th Gen Intel Core i7 13620H,"10 Cores (6P + 4E), 16 Threads",LPDDR5,SSD,6GB NVIDIA GEFORCE RTX 4050,14.0,Windows 11 OS,1,4096000.0,1024.0,16.0,6,70,12,8,1
Asus,Vivobook S15 OLED 2023 S5504VA-MA554WS Laptop,91560,66.0,13th Gen Intel Core i5 13500H,"12 Cores (4P + 8E), 16 Threads",LPDDR5,SSD,Intel Integrated Iris Xe,15.6,Windows 11 OS,1,4665600.0,1024.0,16.0,3,63,12,8,1
Lenovo,Thinkpad E14 20TA00J2IG Laptop,74000,64.0,11th Gen Intel Core i5 1135G7,"Quad Core, 8 Threads",DDR4,SSD,Intel Iris Xe Graphics,14.0,Windows 11 OS,3,2073600.0,512.0,16.0,14,23,12,2,1
Lenovo,V15 G3 Laptop,51999,69.32352941176471,12th Gen Intel Core i5 1235U,"10 Cores (2P + 8E), 12 Threads",DDR4,SSD,Intel Integrated UHD,15.6,Windows 11 OS,1,2073600.0,512.0,8.0,14,37,12,2,1
Lenovo,V15 G3 ‎‎82C7007SGE Laptop,31990,69.32352941176471,7th Gen AMD Ryzen 3 7320U,"Quad Core, 8 Threads",DDR4,SSD,AMD Radeon Graphics,15.6,Windows 11 OS,1,2073600.0,512.0,8.0,14,126,12,2,1
Lenovo,IdeaPad 3 15ITL6 82H803HLIN Laptop,32490,69.32352941176471,11th Gen Intel Core i3 1115G4,"Dual Core, 4 Threads",DDR4,SSD,Intel Integrated UHD,15.6,Windows 11 OS,1,2073600.0,256.0,8.0,14,15,12,2,1
Lenovo,IdeaPad 5 15ITL05 82FG01UUIN Laptop,74888,64.0,Intel Core i7,"Quad Core, 8 Threads",DDR4,SSD,2GB NVIDIA GeForce MX450,15.6,Windows 11 OS,1,2073600.0,512.0,16.0,14,178,12,2,1
HP,Victus 16-d0302TX Gaming Laptop,66500,71.0,11th Gen Intel Core i5 11400H ,"Hexa Core, 12 Threads",DDR4,SSD,4GB NVIDIA GeForce GTX 1650,16.1,Windows 11 OS,1,2073600.0,512.0,8.0,9,26,12,2,1
Dell,‎G16-7630 2023 Gaming Laptop,156799,78.0,13th Gen Intel Core i7 13650HX,14 Cores (6P + 8E),DDR5,SSD,8GB NVIDIA GeForce RTX 4060,16.0,Windows 11 OS,1,4096000.0,1024.0,16.0,6,71,12,4,1
Dell,2023 ‎G16-7630 Gaming Laptop,166899,82.0,13th Gen Intel Core i7 13650HX,14 Cores (6P + 8E),DDR5,SSD,8GB NVIDIA GeForce RTX 4060,16.0,Windows 11 OS,1,4096000.0,1024.0,32.0,6,71,12,4,1
Dell,Inspiron 7430 IC7430FD64T001ORS1 Laptop,89990,69.32352941176471,13th Gen Intel Core i7 1355U,"10 Cores (2P + 8E), 12 Threads",LPDDR5,SSD,Intel Iris Xe Graphics,14.0,Windows 11 OS,1,2304000.0,512.0,16.0,6,66,12,8,1
HP,Omen 17-cm2003TX Gaming Laptop,171499,79.0,13th Gen Intel 7 13700HX ,"16 Cores (8P + 8E), 24 Threads",DDR5,SSD,8GB NVIDIA GeForce RTX 4060,17.3,Windows 11 OS,1,3686400.0,1024.0,16.0,9,54,12,4,1
HP,14s-dr3003TU 832T7PA Laptop,29999,69.32352941176471,Intel Pentium Silver N6000,"Quad Core, 4 Threads",DDR4,SSD,Intel UHD Graphics,14.0,Windows 11 OS,1,1049088.0,512.0,8.0,9,181,12,2,1
Lenovo,IdeaPad 3 15ITL6 82H8038WIN Laptop,35998,69.32352941176471,11th Gen Intel Core i3 1115G4,"Dual Core, 4 Threads",DDR4,SSD,Intel Integrated UHD,15.6,Windows 11 OS,2,2073600.0,512.0,8.0,14,15,12,2,1
Dell,Inspiron 15 3530 Laptop,44989,69.32352941176471,13th Gen Intel Core i3 1305U,"5 Cores (1P + 4E), 6 Threads",DDR4,SSD,Intel Integrated UHD,15.6,Windows 11 OS,1,2073600.0,512.0,8.0,6,55,12,2,1
Acer,Aspire 3 A315-59 NX.K6TSI.00C Laptop,34990,69.32352941176471,12th Gen Intel Core i3 1215U,"Hexa Core (2P + 4E), 8 Threads",DDR4,SSD,Intel Iris Xe Graphics ,15.6,Windows 11 OS,1,2073600.0,512.0,8.0,1,34,12,2,1
Infinix,INBook X2 Slim Series XL23 Laptop,48990,60.0,11th Gen Intel Core i7 1195G7,"Quad Core, 8 Threads",LPDDR4X,SSD,Intel Integrated Iris Xe,14.0,Windows 11 OS,1,2073600.0,512.0,16.0,12,32,12,6,1
Dell,Inspiron 7430 IC7430PXXWC001ORS1 Laptop,72990,69.32352941176471,13th Gen Intel Core i5 1335U,"10 Cores (2P + 8E), 12 Threads",LPDDR5,SSD,Intel Iris Xe Graphics,14.0,Windows 11 OS,1,2304000.0,512.0,8.0,6,58,12,8,1
Dell,Inspiron 5430 IN54308TR2G001ORS1 Laptop,71570,69.32352941176471,13th Gen Intel Core i5 1335U,"10 Cores (2P + 8E), 12 Threads",LPDDR5,SSD,Intel Iris Xe Graphics,14.0,Windows 11 OS,1,2073600.0,512.0,16.0,6,58,12,8,1
HP,Victus 15-fb0137AX Gaming Laptop,74990,67.0,5th Gen AMD Ryzen 7 5800H,"Octa Core, 16 Threads",DDR4,SSD,4GB NVIDIA GeForce RTX 3050,15.6,Windows 11 OS,1,2073600.0,512.0,16.0,9,114,12,2,1
Asus,Eeebook 15 E510MA-EJ011WS Laptop,25990,69.32352941176471,Intel Celeron N4020,"Dual Core, 2 Threads",DDR4,SSD,Intel UHD Integrated,15.6,Windows 11 OS,1,2073600.0,256.0,8.0,3,175,12,2,1
HP,ProBook 445 G8 7K2J8PA Business Laptop,46490,63.0,5th Gen AMD Ryzen 7 5800U,"Octa Core, 16 Threads",DDR4,SSD,AMD Radeon,14.0,DOS OS,1,2073600.0,512.0,8.0,9,117,3,2,1
Dell,Inspiron 5430 IN5430YXVW9M01ORS1 Laptop,64590,69.32352941176471,13th Gen Intel Core i5 1335U,"10 Cores (2P + 8E), 12 Threads",LPDDR5,SSD,Intel Iris Xe Graphics,14.0,Windows 11 OS,1,2073600.0,512.0,8.0,6,58,12,8,1
Dell,Inspiron 3530 IN3530NM1NN001ORS1 Laptop,63990,69.32352941176471,13th Gen Intel Core i5 1335U,"10 Cores (2P + 8E), 12 Threads",DDR4,SSD,Intel Integrated UHD,15.6,Windows 11 OS,1,2073600.0,512.0,8.0,6,58,12,2,1
MSI,Creator Z17 HX Studio A13V Laptop,247999,69.32352941176471,13th Gen Intel Core i9 13900H,"14 Cores (6P + 8E), 20 Threads",DDR5,SSD,8GB NVIDIA GeForce RTX 4070,17.0,Windows 11 OS,3,4096000.0,1024.0,32.0,15,75,12,4,1
Dell,Inspiron 7630 IC7630GHHRH001ORS1 2 in 1 Laptop,93990,66.0,13th Gen Intel Core i5 1335U,"10 Cores (2P + 8E), 12 Threads",LPDDR5,SSD,Intel Iris Xe Graphics,16.0,Windows 11 OS,1,2304000.0,512.0,8.0,6,58,12,8,1
HP,Victus 15-fb0131AX Gaming Laptop,51990,65.0,5th Gen AMD Ryzen 5 5600H,"Hexa Core, 12 Threads",DDR4,SSD,4GB AMD Radeon RX 5600M ,15.6,Windows 11 OS,1,2073600.0,512.0,8.0,9,105,12,2,1
Asus,Vivobook 16 2023 M1605YA-MB521WS Laptop,47990,63.0,7th Gen AMD Ryzen 5 7530U,"Hexa Core, 12 Threads",DDR4,SSD,AMD Radeon AMD,16.0,Windows 11 OS,1,2304000.0,512.0,8.0,3,131,12,2,1
Lenovo,V14 G3 82TSA01KIH Laptop,34390,69.32352941176471,12th Gen Intel Core i3 1215U,"Hexa Core (2P + 4E), 8 Threads",DDR4,SSD,Intel Integrated UHD,14.0,DOS OS,1,2073600.0,512.0,8.0,14,34,3,2,1
Acer,Aspire 7 A715-76G NH.QMESI.003 Gaming Laptop,50990,65.0,12th Gen Intel Core i5 12450H,"Octa Core (4P + 4E), 12 Threads",DDR4,SSD,4GB NVIDIA GeForce GTX 1650,15.6,Windows 11 OS,1,2073600.0,512.0,8.0,1,40,12,2,1
HP,15s-fq3071TU Laptop,28490,69.32352941176471,Intel Celeron  N4500,"Dual Core, 2 Threads",DDR4,SSD,Intel Integrated UHD Graphics,15.0,Windows 11  OS,1,1049088.0,512.0,8.0,9,173,11,2,1
MSI,Katana 15 B12UDXK-1017IN Gaming Laptop,79990,75.0,12th Gen Intel Core i7 12650H,"10 Cores (6P + 4E), 16 Threads",DDR5,SSD,6GB NVIDIA GeForce RTX 3050,15.6,Windows 11 OS,2,2073600.0,512.0,8.0,15,48,12,4,1
MSI,Katana 15 B12UDXK-1019IN Gaming Laptop,79990,75.0,12th Gen Intel Core i5 12450H,"Octa Core (4P + 4E), 12 Threads",DDR5,SSD,6GB NVIDIA GeForce RTX 3050,15.6,Windows 11 OS,2,2073600.0,1024.0,16.0,15,40,12,4,1
Acer,One 14 Z2-493 Business Laptop,29990,69.32352941176471,3rd Gen AMD Ryzen 5 3500U,"Quad Core, 8 Threads",DDR4,SSD,AMD Radeon Radeon Graphics,14.0,Windows 11 OS,1,1049088.0,512.0,8.0,1,88,12,2,1
HP,Victus 15-fb0135AX Gaming Laptop,59990,64.0,5th Gen AMD Ryzen 5 5600H,"Hexa Core, 12 Threads",DDR4,SSD,4GB NVIDIA GeForce RTX 3050,15.6,Windows 11 OS,1,2073600.0,512.0,8.0,9,105,12,2,1
Acer,Swift Edge 16 2023 Laptop,107399,69.32352941176471,7th Gen AMD Ryzen 7040 Series 040,"Octa Core, 16 Threads",LPDDR5,SSD,AMD Radeon AMD,16.0,Windows 11 OS,1,9216000.0,1024.0,16.0,1,140,12,8,1
Dell,G15-5530 Gaming 2023 Laptop,129199,76.0,13th Gen Intel Core i7 13650HX,14 Cores (6P + 8E),DDR5,SSD,8GB NVIDIA GeForce RTX 4060,15.6,Windows 11 OS,1,2073600.0,512.0,16.0,6,71,12,4,1
Dell,G15-5530 Gaming Laptop,119990,73.0,13th Gen Intel Core i7 13650HX,14 Cores (6P + 8E),DDR5,SSD,6GB NVIDIA GeForce RTX 4050,15.6,Windows 11 OS,1,2073600.0,512.0,16.0,6,71,12,4,1
Dell,‎G16-7630 Gaming Laptop,187490,79.0,13th Gen Intel Core i9 13900HX ,"24 Cores (8P + 16E), 32 Threads",DDR5,SSD,8GB NVIDIA GeForce RTX 4060,16.0,Windows 11 OS,1,4096000.0,1024.0,16.0,6,77,12,4,1
Dell,G15-5530 2023 Gaming Laptop,125699,75.0,13th Gen Intel Core i7 13650HX,14 Cores (6P + 8E),DDR5,SSD,6GB NVIDIA GeForce RTX 4050,15.6,Windows 11 OS,1,2073600.0,512.0,16.0,6,71,12,4,1
Acer,Aspire Vero AV14-52P NX.KJTSI.002 Laptop,49990,69.32352941176471,13th Gen Intel Core i3 1315U,"Hexa Core (2P + 4E), 8 Threads",LPDDR4X,SSD,Intel Integrated UHD,14.0,Windows OS,1,2073600.0,512.0,16.0,1,56,13,6,1
Acer,Aspire 5 A515-58M NX.KHGSI.002 Gaming Laptop,56990,69.32352941176471,13th Gen Intel Core i5 1335U,"10 Cores (2P + 8E), 12 Threads",LPDDR5,SSD,Intel Integrated Iris Xe,15.6,Windows 11 OS,1,2073600.0,512.0,16.0,1,58,12,8,1
Asus,Vivobook 15X 2023 K3504VAB-NJ321WS Laptop,44990,69.32352941176471,13th Gen ‎Intel Core i3 1315U,"Hexa Core (2P + 4E), 8 Threads",DDR4,SSD,Integrated Intel UHD Graphics,15.6,Windows 11 OS,1,2073600.0,512.0,8.0,3,80,12,2,1
Asus,TUF A15 FA577RM-HQ032WS Laptop,110000,71.0,6th Gen AMD Ryzen 7 6800H,"Octa Core, 16 Threads",DDR,SSD,6GB NVIDIA GeForce RTX 3060,15.6,Windows 11  OS,1,3686400.0,1024.0,16.0,3,122,11,0,1
Asus,ROG Zephyrus G14 2023 GA402XV-N2034WS Gaming Laptop,189990,89.0,7th Gen AMD Ryzen 9 7940HS,"Octa Core, 16 Threads",DDR5,SSD,8GB NVIDIA GeForce RTX 4060,14.0,Windows 11 OS,1,4096000.0,1024.0,32.0,3,143,12,4,1
Asus,TUF Gaming F15 2023 FX507VU-LP083WS Gaming Laptop,129990,73.0,13th Gen Intel Core i7 13700H,"14 Cores (6P + 8E), 20 Threads",DDR4,SSD,6GB NVIDIA GeForce RTX 4050,15.6,Windows 11 OS,1,2073600.0,512.0,16.0,3,73,12,2,1
Asus,TUF Gaming A15 2023 FA577XU-LP041WS Gaming Laptop,131990,84.0,7th Gen AMD Ryzen 9 7940HS,"Octa Core, 16 Threads",DDR4,SSD,6GB NVIDIA GeForce RTX 4050,15.6,Windows 11 OS,1,2073600.0,1024.0,16.0,3,143,12,2,1
